,A_atomic_hfomo,A_atomic_hpomo,A_atomic_lfumo,A_atomic_lpumo,A_atomic_ea,A_atomic_ip,A_atomic_ea_by_half_charged_homo,A_atomic_ip_by_half_charged_homo,A_atomic_r_s_neg_1,A_atomic_r_val_neg_1,A_atomic_r_s_neg_05,A_atomic_r_s,A_atomic_r_val,A_atomic_r_s_05,A_atomic_r_val_05,A_atomic_r_s_1,A_atomic_r_d_1,A_atomic_r_val_1,A_X,A_atomic_ie_1,A_atomic_ie_2,A_atomic_ndval,A_atomic_nfunf,A_atomic_nfval,A_atomic_nunf,A_atomic_nval,A_atomic_phi,A_atomic_pol,B_atomic_hfomo,B_atomic_hpomo,B_atomic_lfumo,B_atomic_lpumo,B_atomic_ea,B_atomic_ip,B_atomic_ea_by_half_charged_homo,B_atomic_ip_by_half_charged_homo,B_atomic_r_s_neg_1,B_atomic_r_p_neg_1,B_atomic_r_val_neg_1,B_atomic_r_s_neg_05,B_atomic_r_d_neg_05,B_atomic_r_val_neg_05,B_atomic_r_s,B_atomic_r_d,B_atomic_r_val,B_atomic_r_s_05,B_atomic_r_d_05,B_atomic_r_val_05,B_atomic_r_s_1,B_atomic_r_d_1,B_atomic_r_val_1,B_X,B_atomic_ie_1,B_atomic_ie_2,B_atomic_ndunf,B_atomic_ndval,B_atomic_npunf,B_atomic_npval,B_atomic_nunf,B_atomic_nval,B_atomic_phi,B_atomic_pol,MagpieData minimum Number,MagpieData maximum Number,MagpieData range Number,MagpieData mean Number,MagpieData avg_dev Number,MagpieData mode Number,MagpieData minimum MendeleevNumber,MagpieData maximum MendeleevNumber,MagpieData range MendeleevNumber,MagpieData mean MendeleevNumber,MagpieData avg_dev MendeleevNumber,MagpieData mode MendeleevNumber,MagpieData minimum AtomicWeight,MagpieData maximum AtomicWeight,MagpieData range AtomicWeight,MagpieData mean AtomicWeight,MagpieData avg_dev AtomicWeight,MagpieData mode AtomicWeight,MagpieData minimum MeltingT,MagpieData maximum MeltingT,MagpieData range MeltingT,MagpieData mean MeltingT,MagpieData avg_dev MeltingT,MagpieData mode MeltingT,MagpieData minimum Column,MagpieData maximum Column,MagpieData range Column,MagpieData mean Column,MagpieData avg_dev Column,MagpieData mode Column,MagpieData minimum Row,MagpieData maximum Row,MagpieData range Row,MagpieData mean Row,MagpieData avg_dev Row,MagpieData mode Row,MagpieData minimum CovalentRadius,MagpieData maximum CovalentRadius,MagpieData range CovalentRadius,MagpieData mean CovalentRadius,MagpieData avg_dev CovalentRadius,MagpieData mode CovalentRadius,MagpieData minimum Electronegativity,MagpieData maximum Electronegativity,MagpieData range Electronegativity,MagpieData mean Electronegativity,MagpieData avg_dev Electronegativity,MagpieData mode Electronegativity,MagpieData minimum NsValence,MagpieData maximum NsValence,MagpieData range NsValence,MagpieData mean NsValence,MagpieData avg_dev NsValence,MagpieData mode NsValence,MagpieData minimum NpValence,MagpieData maximum NpValence,MagpieData range NpValence,MagpieData mean NpValence,MagpieData avg_dev NpValence,MagpieData mode NpValence,MagpieData minimum NdValence,MagpieData maximum NdValence,MagpieData range NdValence,MagpieData mean NdValence,MagpieData avg_dev NdValence,MagpieData mode NdValence,MagpieData minimum NfValence,MagpieData maximum NfValence,MagpieData range NfValence,MagpieData mean NfValence,MagpieData avg_dev NfValence,MagpieData mode NfValence,MagpieData minimum NValence,MagpieData maximum NValence,MagpieData range NValence,MagpieData mean NValence,MagpieData avg_dev NValence,MagpieData mode NValence,MagpieData minimum NsUnfilled,MagpieData maximum NsUnfilled,MagpieData range NsUnfilled,MagpieData mean NsUnfilled,MagpieData avg_dev NsUnfilled,MagpieData mode NsUnfilled,MagpieData minimum NpUnfilled,MagpieData maximum NpUnfilled,MagpieData range NpUnfilled,MagpieData mean NpUnfilled,MagpieData avg_dev NpUnfilled,MagpieData mode NpUnfilled,MagpieData minimum NdUnfilled,MagpieData maximum NdUnfilled,MagpieData range NdUnfilled,MagpieData mean NdUnfilled,MagpieData avg_dev NdUnfilled,MagpieData mode NdUnfilled,MagpieData minimum NfUnfilled,MagpieData maximum NfUnfilled,MagpieData range NfUnfilled,MagpieData mean NfUnfilled,MagpieData avg_dev NfUnfilled,MagpieData mode NfUnfilled,MagpieData minimum NUnfilled,MagpieData maximum NUnfilled,MagpieData range NUnfilled,MagpieData mean NUnfilled,MagpieData avg_dev NUnfilled,MagpieData mode NUnfilled,MagpieData minimum GSvolume_pa,MagpieData maximum GSvolume_pa,MagpieData range GSvolume_pa,MagpieData mean GSvolume_pa,MagpieData avg_dev GSvolume_pa,MagpieData mode GSvolume_pa,MagpieData minimum GSbandgap,MagpieData maximum GSbandgap,MagpieData range GSbandgap,MagpieData mean GSbandgap,MagpieData avg_dev GSbandgap,MagpieData mode GSbandgap,MagpieData minimum GSmagmom,MagpieData maximum GSmagmom,MagpieData range GSmagmom,MagpieData mean GSmagmom,MagpieData avg_dev GSmagmom,MagpieData mode GSmagmom,MagpieData minimum SpaceGroupNumber,MagpieData maximum SpaceGroupNumber,MagpieData range SpaceGroupNumber,MagpieData mean SpaceGroupNumber,MagpieData avg_dev SpaceGroupNumber,MagpieData mode SpaceGroupNumber,avg s valence electrons,avg p valence electrons,avg d valence electrons,avg f valence electrons,compound possible,max ionic char,avg ionic char
0,-3.5049799711232,-1.7897699852544575,-1.7897699852544575,-1.7897699852544575,-7.811453735643074,-3.641577869953833,2.026719983302276,6.161479949236849,2.14415,1.5047500000000005,2.06635,1.96135,0.32505,1.87085,0.32435,1.84425,0.0,1.84425,1.17,5.6437,11.07,0.0,8.0,6.0,8.0,8.0,3.2,28.8,-4.787509960556702,-4.787509960556702,-4.710739961189194,-4.787509960556702,-3.386652872093844,7.192547130741292,-0.7138799941184913,7.198049940696766,1.63675,0.43015,0.45805,1.49385,0.44305,0.44305,1.4243500000000002,0.44005,0.44005,1.41305,0.44165,1.41305,1.38295,0.44335,0.44335,1.66,6.76651,16.4857,5.0,5.0,0.0,0.0,6.0,6.0,4.65,11.6,8.0,62.0,54.0,22.0,16.8,8.0,23.0,87.0,64.0,66.6,24.48,87.0,15.9994,150.36,134.3606,50.07086,40.885752000000004,15.9994,54.8,2180.0,2125.2,737.88,819.6959999999999,54.8,3.0,16.0,13.0,11.4,5.5200000000000005,16.0,2.0,6.0,4.0,3.2,1.44,2.0,66.0,198.0,132.0,107.0,49.2,66.0,1.17,3.44,2.27,2.63,0.9719999999999999,3.44,1.0,2.0,1.0,1.8,0.31999999999999995,2.0,0.0,4.0,4.0,2.4,1.9200000000000004,4.0,0.0,5.0,5.0,1.0,1.6,0.0,0.0,6.0,6.0,1.2,1.92,0.0,6.0,8.0,2.0,6.4,0.6400000000000002,6.0,0.0,1.0,1.0,0.2,0.32,0.0,0.0,2.0,2.0,1.2,0.9600000000000002,2.0,0.0,5.0,5.0,1.0,1.6,0.0,0.0,8.0,8.0,1.6,2.56,0.0,2.0,8.0,6.0,4.0,2.4,2.0,9.105,33.23,24.124999999999996,14.347,7.553199999999999,9.105,0.0,0.0,0.0,0.0,0.0,0.0,0.0,0.0,0.0,0.0,0.0,0.0,12.0,229.0,217.0,86.2,89.04,12.0,1.8,2.4,1.0,1.2,True,0.7242401773760752,0.15489205514573334
1,-4.386689963858975,-2.259629981383379,-2.259629981383379,-2.259629981383379,1.578749956992198,6.198956138927367,1.686129986108326,7.085359941625193,1.84895,0.64805,1.75605,1.64915,0.59045,1.54235,0.57315,0.0,0.5720500000000001,0.93655,1.36,6.56149,12.79977,1.0,0.0,0.0,9.0,3.0,3.25,17.8,-3.2662999730896343,-3.266309973089552,-3.19968997363842,-3.266309973089552,-0.8864388526950845,7.496390708240698,-0.9858299918779518,7.265179940143695,1.44575,0.35905,0.35905,1.4023500000000002,0.36045,0.36045,1.38935,0.36365,0.36355,1.3252500000000005,0.36455,0.36465,1.2294500000000002,0.36265,0.36265,1.88,7.88101,17.084,3.0,7.0,0.0,0.0,3.0,9.0,5.1,7.5,8.0,27.0,19.0,14.4,7.6800000000000015,8.0,11.0,87.0,76.0,66.0,25.2,87.0,15.9994,58.933195,42.933794999999996,30.377461399999998,17.25367368,15.9994,54.8,1814.0,1759.2,749.28,833.376,54.8,3.0,16.0,13.0,12.0,4.8,16.0,2.0,4.0,2.0,2.8,0.96,2.0,66.0,170.0,104.0,98.8,39.36,66.0,1.36,3.44,2.08,2.712,0.8735999999999999,3.44,2.0,2.0,0.0,2.0,0.0,2.0,0.0,4.0,4.0,2.4,1.9200000000000004,4.0,0.0,7.0,7.0,1.6,2.16,0.0,0.0,0.0,0.0,0.0,0.0,0.0,3.0,9.0,6.0,6.0,1.2,6.0,0.0,0.0,0.0,0.0,0.0,0.0,0.0,2.0,2.0,1.2,0.9600000000000002,2.0,0.0,9.0,9.0,2.4,2.88,0.0,0.0,0.0,0.0,0.0,0.0,0.0,2.0,9.0,7.0,3.6,2.16,2.0,9.105,22.235,13.129999999999999,11.959,4.1104,9.105,0.0,0.0,0.0,0.0,0.0,0.0,0.0,1.5484712,1.5484712,0.30969551,0.49551027599999997,0.0,12.0,194.0,182.0,84.8,87.35999999999999,12.0,2.0,2.4,1.6,0.0,True,0.6609473927455578,0.1366218058697441
2,-2.019969983357888,-2.019969983357888,-0.4701099961268615,-0.4701099961268615,0.8464991929314734,4.172045865545114,2.6839699778873296,6.535999946151256,1.94775,1.3759500000000002,1.94245,1.89495,0.30575,1.82175,1.82625,1.82645,1.09915,1.82645,1.2,6.1498,12.09,1.0,7.0,7.0,16.0,10.0,3.2,23.5,-4.787509960556702,-4.787509960556702,-4.710739961189194,-4.787509960556702,-3.386652872093844,7.192547130741292,-0.7138799941184913,7.198049940696766,1.63675,0.43015,0.45805,1.49385,0.44305,0.44305,1.4243500000000002,0.44005,0.44005,1.41305,0.44165,1.41305,1.38295,0.44335,0.44335,1.66,6.76651,16.4857,5.0,5.0,0.0,0.0,6.0,6.0,4.65,11.6,8.0,64.0,56.0,22.4,17.28,8.0,27.0,87.0,60.0,67.4,23.52,87.0,15.9994,157.25,141.2506,51.44886,42.539351999999994,15.9994,54.8,2180.0,2125.2,786.08,877.5360000000001,54.8,3.0,16.0,13.0,11.4,5.5200000000000005,16.0,2.0,6.0,4.0,3.2,1.44,2.0,66.0,196.0,130.0,106.6,48.72,66.0,1.2,3.44,2.24,2.636,0.9648,3.44,1.0,2.0,1.0,1.8,0.31999999999999995,2.0,0.0,4.0,4.0,2.4,1.9200000000000004,4.0,0.0,5.0,5.0,1.2,1.52,0.0,0.0,7.0,7.0,1.4,2.2399999999999998,0.0,6.0,10.0,4.0,6.8,1.2799999999999998,6.0,0.0,1.0,1.0,0.2,0.32,0.0,0.0,2.0,2.0,1.2,0.9600000000000002,2.0,0.0,9.0,9.0,2.8,3.3599999999999994,0.0,0.0,7.0,7.0,1.4,2.2399999999999998,0.0,2.0,16.0,14.0,5.6,4.32,2.0,9.105,32.05,22.944999999999997,14.110999999999999,7.175599999999998,9.105,0.0,0.0,0.0,0.0,0.0,0.0,0.0,0.0,0.0,0.0,0.0,0.0,12.0,229.0,217.0,91.8,95.75999999999999,12.0,1.8,2.4,1.2,1.4,True,0.7147530549426948,0.15348424583531184
3,-4.194639965441234,-1.7865499852809863,-1.7865499852809863,-1.7865499852809863,1.4214937782972672,5.508482824605309,1.4791099878139202,5.399529955514396,1.97365,1.1042500000000002,1.88415,1.7914500000000002,0.96545,1.7049500000000002,0.92735,1.6318500000000002,0.9004500000000001,1.6318500000000002,1.22,6.2173,12.224,1.0,0.0,0.0,9.0,3.0,3.2,22.7,-4.787509960556702,-4.787509960556702,-4.710739961189194,-4.787509960556702,-3.386652872093844,7.192547130741292,-0.7138799941184913,7.198049940696766,1.63675,0.43015,0.45805,1.49385,0.44305,0.44305,1.4243500000000002,0.44005,0.44005,1.41305,0.44165,1.41305,1.38295,0.44335,0.44335,1.66,6.76651,16.4857,5.0,5.0,0.0,0.0,6.0,6.0,4.65,11.6,8.0,39.0,31.0,17.4,11.28,8.0,12.0,87.0,75.0,64.4,27.119999999999997,87.0,15.9994,88.90585,72.90645,37.78003,26.136756,15.9994,54.8,2180.0,2125.2,828.68,928.6560000000002,54.8,3.0,16.0,13.0,11.4,5.5200000000000005,16.0,2.0,5.0,3.0,3.0,1.2,2.0,66.0,190.0,124.0,105.4,47.28,66.0,1.22,3.44,2.2199999999999998,2.6399999999999997,0.9600000000000002,3.44,1.0,2.0,1.0,1.8,0.31999999999999995,2.0,0.0,4.0,4.0,2.4,1.9200000000000004,4.0,0.0,5.0,5.0,1.2,1.52,0.0,0.0,0.0,0.0,0.0,0.0,0.0,3.0,6.0,3.0,5.4,0.9599999999999997,6.0,0.0,1.0,1.0,0.2,0.32,0.0,0.0,2.0,2.0,1.2,0.9600000000000002,2.0,0.0,9.0,9.0,2.8,3.3599999999999994,0.0,0.0,0.0,0.0,0.0,0.0,0.0,2.0,9.0,7.0,4.2,2.6399999999999997,2.0,9.105,32.365,23.26,14.174000000000001,7.276400000000001,9.105,0.0,0.0,0.0,0.0,0.0,0.0,0.0,0.0,0.0,0.0,0.0,0.0,12.0,229.0,217.0,91.8,95.75999999999999,12.0,1.8,2.4,1.2,0.0,True,0.7083205926780534,0.1525412401804506
4,-3.591209970412768,-2.347539980659106,-2.347539980659106,-2.347539980659106,0.7574954937130738,5.540775954341044,0.79851999342116,5.6713799532746805,2.21125,1.3138500000000002,2.12385,2.03245,1.19775,1.94515,1.15925,0.0,1.1316500000000005,0.65825,1.1,5.5769,11.059,1.0,0.0,0.0,9.0,3.0,3.17,31.1,-3.822639968506065,-3.8226599685059,-3.763499968993308,-3.8226599685059,-1.0133630316558335,7.161906671003653,-1.3957399885007886,6.599079945631553,1.4903500000000005,0.38335,0.38335,1.4145500000000002,0.38375,0.38375,1.39735,0.38725,0.38735,1.37095,0.39065,0.39065,1.2774500000000002,0.38895,0.38895,1.83,7.9024,16.1877,4.0,6.0,0.0,0.0,4.0,8.0,4.93,8.4,8.0,57.0,49.0,21.4,16.080000000000002,8.0,13.0,87.0,74.0,65.8,25.44,87.0,15.9994,138.90547,122.90607000000001,48.549734,39.060400800000004,15.9994,54.8,1811.0,1756.2,633.6800000000001,694.6560000000001,54.8,3.0,16.0,13.0,11.8,5.04,16.0,2.0,6.0,4.0,3.2,1.44,2.0,66.0,207.0,141.0,107.4,49.68,66.0,1.1,3.44,2.34,2.65,0.9480000000000001,3.44,2.0,2.0,0.0,2.0,0.0,2.0,0.0,4.0,4.0,2.4,1.9200000000000004,4.0,0.0,6.0,6.0,1.4,1.8399999999999999,0.0,0.0,0.0,0.0,0.0,0.0,0.0,3.0,8.0,5.0,5.8,1.12,6.0,0.0,0.0,0.0,0.0,0.0,0.0,0.0,2.0,2.0,1.2,0.9600000000000002,2.0,0.0,9.0,9.0,2.6,3.12,0.0,0.0,0.0,0.0,0.0,0.0,0.0,2.0,9.0,7.0,3.8,2.16,2.0,9.105,36.8975,27.7925,14.988499999999998,8.7636,9.105,0.0,0.0,0.0,0.0,0.0,0.0,0.0,2.1106628,2.1106628,0.42213256,0.675412096,0.0,12.0,229.0,217.0,91.8,95.75999999999999,12.0,2.0,2.4,1.4,0.0,True,0.7456133690005962,0.15169353857603118
5,-3.5049799711232,-1.7897699852544575,-1.7897699852544575,-1.7897699852544575,-7.811453735643074,-3.641577869953833,2.026719983302276,6.161479949236849,2.14415,1.5047500000000005,2.06635,1.96135,0.32505,1.87085,0.32435,1.84425,0.0,1.84425,1.17,5.6437,11.07,0.0,8.0,6.0,8.0,8.0,3.2,28.8,-3.2662999730896343,-3.266309973089552,-3.19968997363842,-3.266309973089552,-0.8864388526950845,7.496390708240698,-0.9858299918779518,7.265179940143695,1.44575,0.35905,0.35905,1.4023500000000002,0.36045,0.36045,1.38935,0.36365,0.36355,1.3252500000000005,0.36455,0.36465,1.2294500000000002,0.36265,0.36265,1.88,7.88101,17.084,3.0,7.0,0.0,0.0,3.0,9.0,5.1,7.5,8.0,62.0,54.0,22.6,17.52,8.0,23.0,87.0,64.0,68.4,22.32,87.0,15.9994,150.36,134.3606,51.458279000000005,42.550654800000004,15.9994,54.8,1768.0,1713.2,655.48,720.816,54.8,3.0,16.0,13.0,12.0,4.8,16.0,2.0,6.0,4.0,3.2,1.44,2.0,66.0,198.0,132.0,104.4,46.08,66.0,1.17,3.44,2.27,2.6740000000000004,0.9192,3.44,2.0,2.0,0.0,2.0,0.0,2.0,0.0,4.0,4.0,2.4,1.9200000000000004,4.0,0.0,7.0,7.0,1.4,2.2399999999999998,0.0,0.0,6.0,6.0,1.2,1.92,0.0,6.0,9.0,3.0,7.0,1.2,6.0,0.0,0.0,0.0,0.0,0.0,0.0,0.0,2.0,2.0,1.2,0.9600000000000002,2.0,0.0,3.0,3.0,0.6,0.96,0.0,0.0,8.0,8.0,1.6,2.56,0.0,2.0,8.0,6.0,3.4,1.8399999999999999,2.0,9.105,33.23,24.124999999999996,14.157999999999998,7.628799999999998,9.105,0.0,0.0,0.0,0.0,0.0,0.0,0.0,1.5484712,1.5484712,0.30969424,0.49551078400000004,0.0,12.0,194.0,182.0,79.2,80.64000000000001,12.0,2.0,2.4,1.4,1.2,True,0.7242401773760752,0.14633859785859418
6,-4.194639965441234,-1.7865499852809863,-1.7865499852809863,-1.7865499852809863,1.4214937782972672,5.508482824605309,1.4791099878139202,5.399529955514396,1.97365,1.1042500000000002,1.88415,1.7914500000000002,0.96545,1.7049500000000002,0.92735,1.6318500000000002,0.9004500000000001,1.6318500000000002,1.22,6.2173,12.224,1.0,0.0,0.0,9.0,3.0,3.2,22.7,-3.822639968506065,-3.8226599685059,-3.763499968993308,-3.8226599685059,-1.0133630316558335,7.161906671003653,-1.3957399885007886,6.599079945631553,1.4903500000000005,0.38335,0.38335,1.4145500000000002,0.38375,0.38375,1.39735,0.38725,0.38735,1.37095,0.39065,0.39065,1.2774500000000002,0.38895,0.38895,1.83,7.9024,16.1877,4.0,6.0,0.0,0.0,4.0,8.0,4.93,8.4,8.0,39.0,31.0,17.8,11.76,8.0,12.0,87.0,75.0,65.6,25.68,87.0,15.9994,88.90585,72.90645,38.54981,27.060492,15.9994,54.8,1811.0,1756.2,754.88,840.0959999999999,54.8,3.0,16.0,13.0,11.8,5.04,16.0,2.0,5.0,3.0,3.0,1.2,2.0,66.0,190.0,124.0,104.0,45.6,66.0,1.22,3.44,2.2199999999999998,2.6740000000000004,0.9192,3.44,2.0,2.0,0.0,2.0,0.0,2.0,0.0,4.0,4.0,2.4,1.9200000000000004,4.0,0.0,6.0,6.0,1.4,1.8399999999999999,0.0,0.0,0.0,0.0,0.0,0.0,0.0,3.0,8.0,5.0,5.8,1.12,6.0,0.0,0.0,0.0,0.0,0.0,0.0,0.0,2.0,2.0,1.2,0.9600000000000002,2.0,0.0,9.0,9.0,2.6,3.12,0.0,0.0,0.0,0.0,0.0,0.0,0.0,2.0,9.0,7.0,3.8,2.16,2.0,9.105,32.365,23.26,14.081999999999999,7.313199999999999,9.105,0.0,0.0,0.0,0.0,0.0,0.0,0.0,2.1106628,2.1106628,0.42213256,0.675412096,0.0,12.0,229.0,217.0,91.8,95.75999999999999,12.0,2.0,2.4,1.4,0.0,True,0.7083205926780534,0.1457823019724547
7,-3.591209970412768,-2.347539980659106,-2.347539980659106,-2.347539980659106,0.7574954937130738,5.540775954341044,0.79851999342116,5.6713799532746805,2.21125,1.3138500000000002,2.12385,2.03245,1.19775,1.94515,1.15925,0.0,1.1316500000000005,0.65825,1.1,5.5769,11.059,1.0,0.0,0.0,9.0,3.0,3.17,31.1,-4.787509960556702,-4.787509960556702,-4.710739961189194,-4.787509960556702,-3.386652872093844,7.192547130741292,-0.7138799941184913,7.198049940696766,1.63675,0.43015,0.45805,1.49385,0.44305,0.44305,1.4243500000000002,0.44005,0.44005,1.41305,0.44165,1.41305,1.38295,0.44335,0.44335,1.66,6.76651,16.4857,5.0,5.0,0.0,0.0,6.0,6.0,4.65,11.6,8.0,57.0,49.0,21.0,15.6,8.0,13.0,87.0,74.0,64.6,26.880000000000003,87.0,15.9994,138.90547,122.90607000000001,47.779954,38.1366648,15.9994,54.8,2180.0,2125.2,707.48,783.216,54.8,3.0,16.0,13.0,11.4,5.5200000000000005,16.0,2.0,6.0,4.0,3.2,1.44,2.0,66.0,207.0,141.0,108.8,51.35999999999999,66.0,1.1,3.44,2.34,2.616,0.9888,3.44,1.0,2.0,1.0,1.8,0.31999999999999995,2.0,0.0,4.0,4.0,2.4,1.9200000000000004,4.0,0.0,5.0,5.0,1.2,1.52,0.0,0.0,0.0,0.0,0.0,0.0,0.0,3.0,6.0,3.0,5.4,0.9599999999999997,6.0,0.0,1.0,1.0,0.2,0.32,0.0,0.0,2.0,2.0,1.2,0.9600000000000002,2.0,0.0,9.0,9.0,2.8,3.3599999999999994,0.0,0.0,0.0,0.0,0.0,0.0,0.0,2.0,9.0,7.0,4.2,2.6399999999999997,2.0,9.105,36.8975,27.7925,15.0805,8.7268,9.105,0.0,0.0,0.0,0.0,0.0,0.0,0.0,0.0,0.0,0.0,0.0,0.0,12.0,229.0,217.0,91.8,95.75999999999999,12.0,1.8,2.4,1.2,0.0,True,0.7456133690005962,0.15814269714087575
8,-3.5528299707289728,-1.8572899846981743,-1.8572899846981743,-1.8572899846981743,-2.6647847780856324,2.129404682427247,0.600049995056313,6.411329947178387,2.09365,0.34455,2.11915,1.99985,0.36415,1.90725,0.36675,1.88875,0.0,1.88875,1.13,5.473,10.55,0.0,11.0,3.0,11.0,5.0,3.19,28.2,-4.787509960556702,-4.787509960556702,-4.710739961189194,-4.787509960556702,-3.386652872093844,7.192547130741292,-0.7138799941184913,7.198049940696766,1.63675,0.43015,0.45805,1.49385,0.44305,0.44305,1.4243500000000002,0.44005,0.44005,1.41305,0.44165,1.41305,1.38295,0.44335,0.44335,1.66,6.76651,16.4857,5.0,5.0,0.0,0.0,6.0,6.0,4.65,11.6,8.0,59.0,51.0,21.4,16.080000000000002,8.0,17.0,87.0,70.0,65.4,25.919999999999998,87.0,15.9994,140.90765,124.90825,48.18039,38.617188,15.9994,54.8,2180.0,2125.2,709.6800000000001,785.856,54.8,3.0,16.0,13.0,11.4,5.5200000000000005,16.0,2.0,6.0,4.0,3.2,1.44,2.0,66.0,203.0,137.0,108.0,50.4,66.0,1.13,3.44,2.31,2.622,0.9815999999999999,3.44,1.0,2.0,1.0,1.8,0.31999999999999995,2.0,0.0,4.0,4.0,2.4,1.9200000000000004,4.0,0.0,5.0,5.0,1.0,1.6,0.0,0.0,3.0,3.0,0.6,0.96,0.0,5.0,6.0,1.0,5.8,0.3200000000000001,6.0,0.0,1.0,1.0,0.2,0.32,0.0,0.0,2.0,2.0,1.2,0.9600000000000002,2.0,0.0,5.0,5.0,1.0,1.6,0.0,0.0,11.0,11.0,2.2,3.5200000000000005,0.0,2.0,11.0,9.0,4.6,3.12,2.0,9.105,35.675,26.569999999999997,14.835999999999999,8.3356,9.105,0.0,0.0,0.0,0.0,0.0,0.0,0.0,0.0,0.0,0.0,0.0,0.0,12.0,229.0,217.0,91.8,95.75999999999999,12.0,1.8,2.4,1.0,0.6,True,0.7365851201998697,0.15675572567936027
9,-2.781479977083966,-2.781479977083966,-1.072319991165379,-1.072319991165379,2.903782976091173,6.083155549909696,1.8723199845743448,6.376199947467815,2.11275,1.31275,2.09185,2.02515,0.34785,1.9116500000000003,0.34915,1.92685,0.0,1.92685,1.14,5.525,10.72,0.0,10.0,4.0,10.0,6.0,3.19,31.4,-4.787509960556702,-4.787509960556702,-4.710739961189194,-4.787509960556702,-3.386652872093844,7.192547130741292,-0.7138799941184913,7.198049940696766,1.63675,0.43015,0.45805,1.49385,0.44305,0.44305,1.4243500000000002,0.44005,0.44005,1.41305,0.44165,1.41305,1.38295,0.44335,0.44335,1.66,6.76651,16.4857,5.0,5.0,0.0,0.0,6.0,6.0,4.65,11.6,8.0,60.0,52.0,21.6,16.32,8.0,19.0,87.0,68.0,65.8,25.44,87.0,15.9994,144.242,128.24259999999998,48.84725999999999,39.417432,15.9994,54.8,2180.0,2125.2,727.6800000000001,807.456,54.8,3.0,16.0,13.0,11.4,5.5200000000000005,16.0,2.0,6.0,4.0,3.2,1.44,2.0,66.0,201.0,135.0,107.6,49.92,66.0,1.14,3.44,2.3,2.624,0.9792,3.44,1.0,2.0,1.0,1.8,0.31999999999999995,2.0,0.0,4.0,4.0,2.4,1.9200000000000004,4.0,0.0,5.0,5.0,1.0,1.6,0.0,0.0,4.0,4.0,0.8,1.28,0.0,6.0,6.0,0.0,6.0,0.0,6.0,0.0,1.0,1.0,0.2,0.32,0.0,0.0,2.0,2.0,1.2,0.9600000000000002,2.0,0.0,5.0,5.0,1.0,1.6,0.0,0.0,10.0,10.0,2.0,3.2,0.0,2.0,10.0,8.0,4.4,2.88,2.0,9.105,34.81,25.705000000000002,14.663,8.058800000000002,9.105,0.0,0.0,0.0,0.0,0.0,0.0,0.0,0.0,0.0,0.0,0.0,0.0,12.0,229.0,217.0,91.8,95.75999999999999,12.0,1.8,2.4,1.0,0.8,True,0.7335317021864758,0.15629130761289178
10,-4.194639965441234,-1.7865499852809863,-1.7865499852809863,-1.7865499852809863,1.4214937782972672,5.508482824605309,1.4791099878139202,5.399529955514396,1.97365,1.1042500000000002,1.88415,1.7914500000000002,0.96545,1.7049500000000002,0.92735,1.6318500000000002,0.9004500000000001,1.6318500000000002,1.22,6.2173,12.224,1.0,0.0,0.0,9.0,3.0,3.2,22.7,-3.2662999730896343,-3.266309973089552,-3.19968997363842,-3.266309973089552,-0.8864388526950845,7.496390708240698,-0.9858299918779518,7.265179940143695,1.44575,0.35905,0.35905,1.4023500000000002,0.36045,0.36045,1.38935,0.36365,0.36355,1.3252500000000005,0.36455,0.36465,1.2294500000000002,0.36265,0.36265,1.88,7.88101,17.084,3.0,7.0,0.0,0.0,3.0,9.0,5.1,7.5,8.0,39.0,31.0,18.0,12.0,8.0,12.0,87.0,75.0,66.2,24.96,87.0,15.9994,88.90585,72.90645,39.167449,27.801658799999995,15.9994,54.8,1799.0,1744.2,746.28,829.7760000000001,54.8,3.0,16.0,13.0,12.0,4.8,16.0,2.0,5.0,3.0,3.0,1.2,2.0,66.0,190.0,124.0,102.8,44.160000000000004,66.0,1.22,3.44,2.2199999999999998,2.684,0.9071999999999999,3.44,2.0,2.0,0.0,2.0,0.0,2.0,0.0,4.0,4.0,2.4,1.9200000000000004,4.0,0.0,7.0,7.0,1.6,2.16,0.0,0.0,0.0,0.0,0.0,0.0,0.0,3.0,9.0,6.0,6.0,1.2,6.0,0.0,0.0,0.0,0.0,0.0,0.0,0.0,2.0,2.0,1.2,0.9600000000000002,2.0,0.0,9.0,9.0,2.4,2.88,0.0,0.0,0.0,0.0,0.0,0.0,0.0,2.0,9.0,7.0,3.6,2.16,2.0,9.105,32.365,23.26,13.985,7.352000000000001,9.105,0.0,0.0,0.0,0.0,0.0,0.0,0.0,1.5484712,1.5484712,0.30969424,0.49551078400000004,0.0,12.0,194.0,182.0,84.8,87.35999999999999,12.0,2.0,2.4,1.6,0.0,True,0.7083205926780534,0.14381915616139004
11,-3.686329969629095,-3.6875399696191256,0.2545399979028979,-3.6875399696191256,0.8790595927381544,5.901787851294252,2.3432199806946983,6.038359950251207,2.03255,0.33745,1.9821500000000003,1.80175,0.26255,1.7589500000000002,1.7589500000000002,1.7245500000000002,0.0,0.26275,1.25,6.18431,12.05,0.0,1.0,13.0,1.0,15.0,3.22,21.8,-4.787509960556702,-4.787509960556702,-4.710739961189194,-4.787509960556702,-3.386652872093844,7.192547130741292,-0.7138799941184913,7.198049940696766,1.63675,0.43015,0.45805,1.49385,0.44305,0.44305,1.4243500000000002,0.44005,0.44005,1.41305,0.44165,1.41305,1.38295,0.44335,0.44335,1.66,6.76651,16.4857,5.0,5.0,0.0,0.0,6.0,6.0,4.65,11.6,8.0,69.0,61.0,23.4,18.48,8.0,37.0,87.0,50.0,69.4,21.119999999999997,87.0,15.9994,168.93421,152.93481,53.785702,46.0594032,15.9994,54.8,2180.0,2125.2,832.4799999999999,933.216,54.8,3.0,16.0,13.0,11.4,5.5200000000000005,16.0,2.0,6.0,4.0,3.2,1.44,2.0,66.0,190.0,124.0,105.4,47.28,66.0,1.25,3.44,2.19,2.646,0.9527999999999999,3.44,1.0,2.0,1.0,1.8,0.31999999999999995,2.0,0.0,4.0,4.0,2.4,1.9200000000000004,4.0,0.0,5.0,5.0,1.0,1.6,0.0,0.0,13.0,13.0,2.6,4.16,0.0,6.0,15.0,9.0,7.8,2.88,6.0,0.0,1.0,1.0,0.2,0.32,0.0,0.0,2.0,2.0,1.2,0.9600000000000002,2.0,0.0,5.0,5.0,1.0,1.6,0.0,0.0,1.0,1.0,0.2,0.32,0.0,1.0,6.0,5.0,2.6,1.36,2.0,9.105,29.78,20.675,13.657,6.4492,9.105,0.0,0.0,0.0,0.0,0.0,0.0,0.0,0.0,0.0,0.0,0.0,0.0,12.0,229.0,217.0,91.8,95.75999999999999,12.0,1.8,2.4,1.0,2.6,True,0.6985119805232709,0.15112047874890056
12,-3.5049799711232,-1.7897699852544575,-1.7897699852544575,-1.7897699852544575,-7.811453735643074,-3.641577869953833,2.026719983302276,6.161479949236849,2.14415,1.5047500000000005,2.06635,1.96135,0.32505,1.87085,0.32435,1.84425,0.0,1.84425,1.17,5.6437,11.07,0.0,8.0,6.0,8.0,8.0,3.2,28.8,-3.822639968506065,-3.8226599685059,-3.763499968993308,-3.8226599685059,-1.0133630316558335,7.161906671003653,-1.3957399885007886,6.599079945631553,1.4903500000000005,0.38335,0.38335,1.4145500000000002,0.38375,0.38375,1.39735,0.38725,0.38735,1.37095,0.39065,0.39065,1.2774500000000002,0.38895,0.38895,1.83,7.9024,16.1877,4.0,6.0,0.0,0.0,4.0,8.0,4.93,8.4,8.0,62.0,54.0,22.4,17.28,8.0,23.0,87.0,64.0,67.8,23.04,87.0,15.9994,150.36,134.3606,50.84064,41.809488,15.9994,54.8,1811.0,1756.2,664.08,731.1360000000001,54.8,3.0,16.0,13.0,11.8,5.04,16.0,2.0,6.0,4.0,3.2,1.44,2.0,66.0,198.0,132.0,105.6,47.519999999999996,66.0,1.17,3.44,2.27,2.664,0.9311999999999999,3.44,2.0,2.0,0.0,2.0,0.0,2.0,0.0,4.0,4.0,2.4,1.9200000000000004,4.0,0.0,6.0,6.0,1.2,1.92,0.0,0.0,6.0,6.0,1.2,1.92,0.0,6.0,8.0,2.0,6.8,0.96,6.0,0.0,0.0,0.0,0.0,0.0,0.0,0.0,2.0,2.0,1.2,0.9600000000000002,2.0,0.0,4.0,4.0,0.8,1.28,0.0,0.0,8.0,8.0,1.6,2.56,0.0,2.0,8.0,6.0,3.6,1.9200000000000004,2.0,9.105,33.23,24.124999999999996,14.254999999999999,7.589999999999998,9.105,0.0,0.0,0.0,0.0,0.0,0.0,0.0,2.1106628,2.1106628,0.42213256,0.675412096,0.0,12.0,229.0,217.0,86.2,89.04,12.0,2.0,2.4,1.2,1.2,True,0.7242401773760752,0.148266677165001
13,-2.781479977083966,-2.781479977083966,-1.072319991165379,-1.072319991165379,2.903782976091173,6.083155549909696,1.8723199845743448,6.376199947467815,2.11275,1.31275,2.09185,2.02515,0.34785,1.9116500000000003,0.34915,1.92685,0.0,1.92685,1.14,5.525,10.72,0.0,10.0,4.0,10.0,6.0,3.19,31.4,-3.2662999730896343,-3.266309973089552,-3.19968997363842,-3.266309973089552,-0.8864388526950845,7.496390708240698,-0.9858299918779518,7.265179940143695,1.44575,0.35905,0.35905,1.4023500000000002,0.36045,0.36045,1.38935,0.36365,0.36355,1.3252500000000005,0.36455,0.36465,1.2294500000000002,0.36265,0.36265,1.88,7.88101,17.084,3.0,7.0,0.0,0.0,3.0,9.0,5.1,7.5,8.0,60.0,52.0,22.2,17.04,8.0,19.0,87.0,68.0,67.6,23.28,87.0,15.9994,144.242,128.24259999999998,50.23467899999999,41.0823348,15.9994,54.8,1768.0,1713.2,645.28,708.576,54.8,3.0,16.0,13.0,12.0,4.8,16.0,2.0,6.0,4.0,3.2,1.44,2.0,66.0,201.0,135.0,105.0,46.8,66.0,1.14,3.44,2.3,2.668,0.9263999999999999,3.44,2.0,2.0,0.0,2.0,0.0,2.0,0.0,4.0,4.0,2.4,1.9200000000000004,4.0,0.0,7.0,7.0,1.4,2.2399999999999998,0.0,0.0,4.0,4.0,0.8,1.28,0.0,6.0,9.0,3.0,6.6,0.9599999999999997,6.0,0.0,0.0,0.0,0.0,0.0,0.0,0.0,2.0,2.0,1.2,0.9600000000000002,2.0,0.0,3.0,3.0,0.6,0.96,0.0,0.0,10.0,10.0,2.0,3.2,0.0,2.0,10.0,8.0,3.8,2.4799999999999995,2.0,9.105,34.81,25.705000000000002,14.474,8.134400000000001,9.105,0.0,0.0,0.0,0.0,0.0,0.0,0.0,1.5484712,1.5484712,0.30969424,0.49551078400000004,0.0,12.0,194.0,182.0,84.8,87.35999999999999,12.0,2.0,2.4,1.4,0.8,True,0.7335317021864758,0.14783499600276342
14,-2.123489982505008,-2.123489982505008,-2.123489982505008,-2.123489982505008,-0.3444005771763447,3.992618027090578,-0.3481099971319941,3.9702199672901832,2.75175,2.75175,2.51995,2.35115,2.35115,2.24385,2.24385,0.66735,0.20805,0.75555,0.8200000000000001,4.177128,27.2895,0.0,0.0,0.0,1.0,1.0,2.1,47.27,-4.966219959084347,-4.334109964292169,-4.334109964292169,-4.334109964292169,-0.5117665957745332,7.220987540517275,-0.4593499962155108,7.633379937110171,1.7630500000000002,0.81215,0.81225,1.6623500000000002,0.79335,0.79335,1.57855,0.77725,0.77725,1.5450500000000005,0.7724500000000001,0.7724500000000001,1.5635500000000002,0.78035,0.78045,1.6,6.75885,14.0,6.0,4.0,0.0,0.0,7.0,5.0,4.05,15.7,8.0,41.0,33.0,20.4,14.88,8.0,4.0,87.0,83.0,62.4,29.520000000000003,87.0,15.9994,92.90638,76.90698,45.274476,35.130091199999995,15.9994,54.8,2750.0,2695.2,645.3720000000001,841.8512000000001,54.8,1.0,16.0,15.0,10.8,6.24,16.0,2.0,5.0,3.0,3.2,1.44,2.0,66.0,220.0,154.0,116.4,60.48,66.0,0.82,3.44,2.62,2.548,1.0704,3.44,1.0,2.0,1.0,1.6,0.48,2.0,0.0,4.0,4.0,2.4,1.9200000000000004,4.0,0.0,4.0,4.0,0.8,1.28,0.0,0.0,0.0,0.0,0.0,0.0,0.0,1.0,6.0,5.0,4.8,1.52,6.0,0.0,1.0,1.0,0.4,0.4800000000000001,0.0,0.0,2.0,2.0,1.2,0.9600000000000002,2.0,0.0,6.0,6.0,1.2,1.92,0.0,0.0,0.0,0.0,0.0,0.0,0.0,1.0,7.0,6.0,2.8,1.6799999999999997,2.0,9.105,90.7225,81.61749999999999,27.2435,25.3916,9.105,0.0,0.0,0.0,0.0,0.0,0.0,0.0,0.0,0.0,0.0,0.0,0.0,12.0,229.0,217.0,98.8,104.16,12.0,1.6,2.4,0.8,0.0,True,0.8202341305415322,0.17259723237518118
15,-3.2002899736334767,-3.2002899736334767,-0.5321299956158916,-0.5321299956158916,1.4999809876320285,5.342606255886081,2.3276899808226466,5.950609950974164,2.09965,1.5692500000000005,1.97465,1.8715500000000005,0.28595,1.8152500000000005,0.28545,1.74385,0.0,1.74385,1.22,5.9389,11.67,0.0,4.0,10.0,4.0,12.0,3.21,24.5,-8.68299992846257,-2.2182599817242177,-2.2182599817242177,-2.2182599817242177,0.4213267965101795,5.093764258043412,0.4494599962969925,5.036199958507796,1.17515,0.49265,1.7342500000000003,1.16095,0.49265,0.49265,1.1461500000000002,0.49255,1.54635,1.1317500000000005,0.49245,1.47205,1.1182500000000002,0.49235,1.1182500000000002,1.78,5.78636,18.8703,0.0,10.0,5.0,1.0,5.0,13.0,3.9,9.65,8.0,66.0,58.0,27.8,23.76,8.0,31.0,87.0,56.0,73.4,16.959999999999997,87.0,15.9994,162.5,146.5006,65.06324,58.876608,15.9994,54.8,1685.0,1630.2,455.83000000000004,491.668,54.8,3.0,16.0,13.0,12.8,3.9199999999999995,16.0,2.0,6.0,4.0,3.4,1.6799999999999997,2.0,66.0,192.0,126.0,106.4,48.480000000000004,66.0,1.22,3.44,2.2199999999999998,2.664,0.9311999999999999,3.44,2.0,2.0,0.0,2.0,0.0,2.0,0.0,4.0,4.0,2.6,1.6799999999999997,4.0,0.0,10.0,10.0,2.0,3.2,0.0,0.0,10.0,10.0,2.0,3.2,0.0,6.0,13.0,7.0,8.6,3.12,6.0,0.0,0.0,0.0,0.0,0.0,0.0,0.0,5.0,5.0,2.2,1.12,2.0,0.0,0.0,0.0,0.0,0.0,0.0,0.0,4.0,4.0,0.8,1.28,0.0,2.0,5.0,3.0,3.0,1.2,2.0,9.105,31.24,22.134999999999998,16.563,8.9496,9.105,0.0,0.0,0.0,0.0,0.0,0.0,0.0,0.0,0.0,0.0,0.0,0.0,12.0,194.0,182.0,73.8,74.16,12.0,2.0,2.6,2.0,2.0,True,0.7083205926780534,0.14775931777413634
16,-3.451029971567682,-1.2011099901043047,-1.2011099901043047,-1.2011099901043047,1.590597686891269,5.774711452508859,1.0662699912152236,6.262719948402754,2.14415,0.33645,2.08705,1.9885500000000005,0.33765,1.87925,0.33615,1.84795,0.0,0.33695,1.13,5.582,10.9,0.0,9.0,5.0,9.0,7.0,3.19,30.1,-3.829369968450618,-3.829369968450618,-0.1048699991359978,-0.1048699991359978,6.703739844841928,7.295668539873584,2.5807699787375733,6.356949947626412,2.12035,0.0,0.27015,1.90685,0.0,0.0,1.80655,0.0,1.80655,1.7494500000000002,0.0,1.7494500000000002,1.7161500000000005,0.0,1.7161500000000005,1.24,6.1077,11.93,0.0,0.0,0.0,0.0,2.0,14.0,3.22,22.7,8.0,68.0,60.0,30.6,27.120000000000005,8.0,21.0,87.0,66.0,63.4,28.320000000000004,87.0,15.9994,167.259,151.25959999999998,72.05144,67.26244799999999,15.9994,54.8,1770.0,1715.2,661.48,728.016,54.8,3.0,16.0,13.0,10.8,6.24,16.0,2.0,6.0,4.0,3.6,1.9200000000000004,2.0,66.0,199.0,133.0,117.2,61.44000000000001,66.0,1.155,3.44,2.285,2.543,1.0764,3.44,2.0,2.0,0.0,2.0,0.0,2.0,0.0,4.0,4.0,2.4,1.9200000000000004,4.0,0.0,0.0,0.0,0.0,0.0,0.0,0.0,12.0,12.0,3.4,4.08,0.0,6.0,14.0,8.0,7.8,2.4799999999999995,6.0,0.0,0.0,0.0,0.0,0.0,0.0,0.0,2.0,2.0,1.2,0.9600000000000002,2.0,0.0,0.0,0.0,0.0,0.0,0.0,0.0,9.0,9.0,2.2,2.72,0.0,2.0,9.0,7.0,3.4,2.2399999999999998,2.0,9.105,33.8425,24.7375,18.3485,11.0922,9.105,0.0,0.0,0.0,0.0,0.0,0.0,0.0,0.0,0.0,0.0,0.0,0.0,12.0,194.0,182.0,84.8,87.35999999999999,12.0,2.0,2.4,0.0,3.4,True,0.7365851201998697,0.172727358064296
17,-5.356469955869159,-2.187909981974265,-2.187909981974265,-2.187909981974265,1.2615776897041928,6.030562050389042,1.3050599892478825,5.949019950987262,1.69755,0.98135,1.61085,1.54465,0.90685,1.4927500000000002,0.8843500000000001,1.4547500000000002,0.86755,0.86755,1.3,6.82507,15.0,2.0,0.0,14.0,8.0,18.0,3.6,16.2,-6.070339949987732,-6.070339949987732,-1.473099987863436,-1.473099987863436,1.221916734732835,9.780957626816702,1.3019699892733403,9.752869919648134,1.16365,0.0,1.7248500000000002,1.12275,0.0,0.0,1.08065,0.0,1.08065,1.0438500000000002,0.0,1.0438500000000002,1.01655,0.0,1.01655,1.57,9.3227,18.21114,0.0,0.0,0.0,0.0,0.0,2.0,5.05,5.6,4.0,72.0,68.0,20.0,20.8,8.0,45.0,87.0,42.0,74.6,14.88,87.0,9.012182,178.49,169.477818,47.1000764,52.55596944,15.9994,54.8,2506.0,2451.2,846.0799999999999,949.5360000000001,54.8,2.0,16.0,14.0,10.8,6.24,16.0,2.0,6.0,4.0,2.8,1.2799999999999998,2.0,66.0,175.0,109.0,93.8,33.36,66.0,1.3,3.44,2.1399999999999997,2.6380000000000003,0.9623999999999999,3.44,2.0,2.0,0.0,2.0,0.0,2.0,0.0,4.0,4.0,2.4,1.9200000000000004,4.0,0.0,2.0,2.0,0.4,0.64,0.0,0.0,14.0,14.0,2.8,4.4799999999999995,0.0,2.0,18.0,16.0,7.6,4.159999999999999,6.0,0.0,0.0,0.0,0.0,0.0,0.0,0.0,2.0,2.0,1.2,0.9600000000000002,2.0,0.0,8.0,8.0,1.6,2.56,0.0,0.0,0.0,0.0,0.0,0.0,0.0,0.0,8.0,8.0,2.8,2.0799999999999996,2.0,7.89,22.2,14.309999999999999,11.481,4.287599999999999,9.105,0.0,0.0,0.0,0.0,0.0,0.0,0.0,0.0,0.0,0.0,0.0,0.0,12.0,194.0,182.0,84.8,87.35999999999999,12.0,2.0,2.4,0.4,2.8,True,0.6817442582266291,0.15246948259199344
18,-1.9539099839021423,-1.9539099839021423,-1.9539099839021423,-1.9539099839021423,-0.3036118975140773,3.6984121695097367,-0.3121499974282611,3.673269969736694,3.01135,3.01135,2.78135,2.58495,2.58495,2.45185,2.45185,0.81755,0.38145,0.94155,0.79,3.893905,23.15744,0.0,0.0,0.0,1.0,1.0,1.95,59.42,-4.966219959084347,-4.334109964292169,-4.334109964292169,-4.334109964292169,-0.5117665957745332,7.220987540517275,-0.4593499962155108,7.633379937110171,1.7630500000000002,0.81215,0.81225,1.6623500000000002,0.79335,0.79335,1.57855,0.77725,0.77725,1.5450500000000005,0.7724500000000001,0.7724500000000001,1.5635500000000002,0.78035,0.78045,1.6,6.75885,14.0,6.0,4.0,0.0,0.0,7.0,5.0,4.05,15.7,8.0,55.0,47.0,24.0,19.2,8.0,5.0,87.0,82.0,62.6,29.279999999999994,87.0,15.9994,132.9054519,116.90605190000001,54.76200638,46.515127656000004,15.9994,54.8,2750.0,2695.2,643.1980000000001,842.7208,54.8,1.0,16.0,15.0,10.8,6.24,16.0,2.0,6.0,4.0,3.4,1.6799999999999997,2.0,66.0,244.0,178.0,121.2,66.24000000000001,66.0,0.79,3.44,2.65,2.5420000000000003,1.0776,3.44,1.0,2.0,1.0,1.6,0.48,2.0,0.0,4.0,4.0,2.4,1.9200000000000004,4.0,0.0,4.0,4.0,0.8,1.28,0.0,0.0,0.0,0.0,0.0,0.0,0.0,1.0,6.0,5.0,4.8,1.52,6.0,0.0,1.0,1.0,0.4,0.4800000000000001,0.0,0.0,2.0,2.0,1.2,0.9600000000000002,2.0,0.0,6.0,6.0,1.2,1.92,0.0,0.0,0.0,0.0,0.0,0.0,0.0,1.0,7.0,6.0,2.8,1.6799999999999997,2.0,9.105,115.765,106.66,32.251999999999995,33.4052,9.105,0.0,0.0,0.0,0.0,0.0,0.0,0.0,0.0,0.0,0.0,0.0,0.0,12.0,229.0,217.0,98.8,104.16,12.0,1.6,2.4,0.8,0.0,True,0.8272007909708047,0.1738404949312122
19,-3.9269899676463456,-3.9269899676463456,-0.194009998401592,-0.194009998401592,2.0578892829804767,6.480050346556007,2.07519998290286,6.488929946539056,1.92535,2.14545,1.83805,1.7632500000000002,1.7632500000000002,1.70335,1.70335,1.6561500000000002,0.0,1.6561500000000002,1.1,6.25416,12.176,0.0,0.0,14.0,0.0,16.0,2.58,20.9,-12.664359895660976,-3.7823299688381695,-3.7823299688381695,-3.7823299688381695,-0.612054094944619,7.280624070018371,-0.579449995226032,7.220969940507932,0.93865,0.26645,1.3239500000000002,0.93145,0.26645,0.26645,0.92365,0.26645,1.18975,0.91555,0.26645,1.1424500000000002,0.90725,0.26635,1.1062500000000002,2.01,7.89943,15.93461,0.0,10.0,4.0,2.0,4.0,14.0,4.55,5.84,8.0,70.0,62.0,25.2,20.639999999999997,8.0,39.0,87.0,48.0,75.8,14.720000000000002,87.0,15.9994,173.054,157.0546,58.738440000000004,51.286848000000006,15.9994,54.8,1211.4,1156.6000000000001,493.56000000000006,526.5120000000001,54.8,3.0,16.0,13.0,13.0,4.0,16.0,2.0,6.0,4.0,3.2,1.44,2.0,66.0,187.0,121.0,101.0,42.0,66.0,1.26,3.44,2.1799999999999997,2.718,0.8664000000000002,3.44,2.0,2.0,0.0,2.0,0.0,2.0,0.0,4.0,4.0,2.8,1.44,4.0,0.0,10.0,10.0,2.0,3.2,0.0,0.0,14.0,14.0,2.8,4.4799999999999995,0.0,6.0,16.0,10.0,9.6,4.32,6.0,0.0,0.0,0.0,0.0,0.0,0.0,0.0,4.0,4.0,2.0,0.8,2.0,0.0,0.0,0.0,0.0,0.0,0.0,0.0,0.0,0.0,0.0,0.0,0.0,0.0,4.0,4.0,2.0,0.8,2.0,9.105,34.12,25.014999999999997,16.887999999999998,9.339599999999999,9.105,0.0,0.383,0.383,0.0766,0.12256,0.0,0.0,0.0,0.0,0.0,0.0,0.0,12.0,225.0,213.0,97.2,102.24000000000001,12.0,2.0,2.8,2.0,2.8,False,0.7456133690005962,0.14498238063761948
20,-1.845129984798358,-1.845129984798358,-1.7665499854457625,-1.845129984798358,0.9969753918058928,5.602414853864822,0.78892999350017,6.363579947571789,2.13775,1.3334500000000002,2.15485,2.05375,1.23995,1.98315,1.98545,1.96955,1.1689500000000002,1.96955,1.12,5.5387,10.85,1.0,13.0,1.0,22.0,4.0,3.18,29.6,-6.070339949987732,-6.070339949987732,-1.473099987863436,-1.473099987863436,1.221916734732835,9.780957626816702,1.3019699892733403,9.752869919648134,1.16365,0.0,1.7248500000000002,1.12275,0.0,0.0,1.08065,0.0,1.08065,1.0438500000000002,0.0,1.0438500000000002,1.01655,0.0,1.01655,1.57,9.3227,18.21114,0.0,0.0,0.0,0.0,0.0,2.0,5.05,5.6,4.0,58.0,54.0,17.2,16.32,8.0,15.0,87.0,72.0,68.6,22.080000000000002,87.0,9.012182,140.116,131.10381800000002,39.4252764,40.276289440000006,15.9994,54.8,1560.0,1505.2,559.08,605.1360000000001,54.8,2.0,16.0,14.0,10.6,6.480000000000001,16.0,2.0,6.0,4.0,2.8,1.2799999999999998,2.0,66.0,204.0,138.0,99.6,41.76,66.0,1.12,3.44,2.32,2.6020000000000003,1.0055999999999998,3.44,2.0,2.0,0.0,2.0,0.0,2.0,0.0,4.0,4.0,2.4,1.9200000000000004,4.0,0.0,1.0,1.0,0.2,0.32,0.0,0.0,1.0,1.0,0.2,0.32,0.0,2.0,6.0,4.0,4.8,1.44,6.0,0.0,0.0,0.0,0.0,0.0,0.0,0.0,2.0,2.0,1.2,0.9600000000000002,2.0,0.0,9.0,9.0,1.8,2.88,0.0,0.0,13.0,13.0,2.6,4.16,0.0,0.0,22.0,22.0,5.6,6.56,2.0,7.89,37.24,29.35,14.489,9.1004,9.105,0.0,0.0,0.0,0.0,0.0,0.0,0.0,0.0,0.0,0.0,0.0,0.0,12.0,194.0,182.0,84.8,87.35999999999999,12.0,2.0,2.4,0.2,0.2,True,0.7396165690769709,0.1606663590590908
21,-12.747499894976,-3.3637199722870115,-3.3637199722870115,-3.3637199722870115,-0.5061433960531401,6.442776446960848,-0.4826099960238767,6.39928994727758,1.05495,1.5447500000000003,1.0494500000000002,1.0435500000000002,1.42345,1.0372500000000002,1.3764500000000002,1.03085,0.56675,1.33855,2.33,7.41663,15.03248,10.0,0.0,14.0,4.0,28.0,4.1,6.995,-11.283399907038415,-3.5790999705125395,-3.5790999705125395,-3.5790999705125395,-0.6688998944897034,6.747624044360574,-0.6409299947195111,6.701019944791692,1.08925,0.46915,1.5056500000000002,1.0801500000000002,0.46915,0.46915,1.0700500000000002,0.46915,1.3725500000000002,1.0592500000000002,0.46905,1.3271500000000005,1.04835,0.46895,1.29265,1.96,7.34392,14.6322,0.0,10.0,4.0,2.0,4.0,14.0,4.15,7.06,8.0,82.0,74.0,31.2,27.839999999999996,8.0,80.0,87.0,7.0,84.4,3.1199999999999988,87.0,15.9994,207.2,191.20059999999998,74.78164,70.53868800000001,15.9994,54.8,600.61,545.8100000000001,254.01800000000003,239.0616,54.8,14.0,16.0,2.0,15.2,0.9600000000000002,16.0,2.0,6.0,4.0,3.4,1.6799999999999997,2.0,66.0,146.0,80.0,96.6,36.72,66.0,1.96,3.44,1.48,2.9219999999999997,0.6216,3.44,2.0,2.0,0.0,2.0,0.0,2.0,2.0,4.0,2.0,3.2,0.96,4.0,0.0,10.0,10.0,4.0,4.8,0.0,0.0,14.0,14.0,2.8,4.4799999999999995,0.0,6.0,28.0,22.0,12.0,7.2,6.0,0.0,0.0,0.0,0.0,0.0,0.0,2.0,4.0,2.0,2.8,0.96,2.0,0.0,0.0,0.0,0.0,0.0,0.0,0.0,0.0,0.0,0.0,0.0,0.0,2.0,4.0,2.0,2.8,0.96,2.0,9.105,33.285,24.179999999999996,17.741999999999997,10.364399999999998,9.105,0.0,0.0,0.0,0.0,0.0,0.0,0.0,0.0,0.0,0.0,0.0,0.0,12.0,225.0,213.0,80.4,82.08,12.0,2.0,3.2,4.0,2.8,True,0.4216638471290559,0.08375786619225462
22,-6.022689950380311,-6.022689950380311,-0.5626999953640318,-0.5626999953640318,1.603151386824186,9.39452962261901,1.640269986486157,9.382959922695743,1.3031500000000005,1.97285,1.27235,1.2434500000000002,1.2434500000000002,1.21375,1.21375,1.1901500000000005,0.51725,1.1901500000000005,1.69,8.99382,16.90831,10.0,0.0,0.0,0.0,12.0,4.05,7.32,-11.283399907038415,-3.5790999705125395,-3.5790999705125395,-3.5790999705125395,-0.6688998944897034,6.747624044360574,-0.6409299947195111,6.701019944791692,1.08925,0.46915,1.5056500000000002,1.0801500000000002,0.46915,0.46915,1.0700500000000002,0.46915,1.3725500000000002,1.0592500000000002,0.46905,1.3271500000000005,1.04835,0.46895,1.29265,1.96,7.34392,14.6322,0.0,10.0,4.0,2.0,4.0,14.0,4.15,7.06,8.0,50.0,42.0,24.4,19.68,8.0,70.0,87.0,17.0,82.2,5.76,87.0,15.9994,118.71,102.7106,55.82384,47.789328,15.9994,54.8,594.22,539.4200000000001,252.73999999999995,237.52799999999996,54.8,12.0,16.0,4.0,14.8,1.44,16.0,2.0,5.0,3.0,3.2,1.44,2.0,66.0,144.0,78.0,96.2,36.239999999999995,66.0,1.69,3.44,1.75,2.794,0.7752,3.44,2.0,2.0,0.0,2.0,0.0,2.0,0.0,4.0,4.0,2.8,1.44,4.0,0.0,10.0,10.0,4.0,4.8,0.0,0.0,0.0,0.0,0.0,0.0,0.0,6.0,14.0,8.0,8.8,3.3600000000000003,6.0,0.0,0.0,0.0,0.0,0.0,0.0,0.0,4.0,4.0,2.0,0.8,2.0,0.0,0.0,0.0,0.0,0.0,0.0,0.0,0.0,0.0,0.0,0.0,0.0,0.0,4.0,4.0,2.0,0.8,2.0,9.105,33.285,24.179999999999996,16.019,8.2968,9.105,0.0,0.0,0.0,0.0,0.0,0.0,0.0,0.0,0.0,0.0,0.0,0.0,12.0,194.0,182.0,74.2,74.64000000000001,12.0,2.0,2.8,4.0,0.0,True,0.5349568118659437,0.11551687623999568
23,-5.042249958457953,-5.042249958457953,-0.7704199936526701,-0.7704199936526701,0.9719288889917772,8.12606364204918,1.0191899916031055,8.109879933184388,1.44135,2.32715,1.3977500000000005,1.35285,1.35285,1.3080500000000002,1.3080500000000002,1.2748500000000005,0.0,1.2748500000000005,1.31,7.646235,15.03527,0.0,0.0,0.0,0.0,2.0,3.45,10.7666666667,-4.762429960763331,-3.55338997072436,-3.55338997072436,-3.55338997072436,0.7799878335735743,7.4794458083788,0.8744399927956709,7.940329934581274,1.7509500000000002,0.55955,0.55955,1.6480500000000002,0.54055,0.54055,1.5416500000000002,0.52475,0.52475,1.47195,0.51685,0.51685,1.4704500000000005,0.52105,0.52105,1.54,6.82812,13.5755,8.0,2.0,0.0,0.0,8.0,4.0,3.8,14.6,8.0,22.0,14.0,11.6,4.32,8.0,43.0,87.0,44.0,74.4,15.12,87.0,15.9994,47.867,31.867599999999996,24.034039999999997,9.641568,15.9994,54.8,1941.0,1886.2,605.6800000000001,661.056,54.8,2.0,16.0,14.0,10.8,6.24,16.0,2.0,4.0,2.0,2.6,0.72,2.0,66.0,160.0,94.0,99.8,40.56,66.0,1.31,3.44,2.13,2.634,0.9672000000000001,3.44,2.0,2.0,0.0,2.0,0.0,2.0,0.0,4.0,4.0,2.4,1.9200000000000004,4.0,0.0,2.0,2.0,0.4,0.64,0.0,0.0,0.0,0.0,0.0,0.0,0.0,2.0,6.0,4.0,4.8,1.44,6.0,0.0,0.0,0.0,0.0,0.0,0.0,0.0,2.0,2.0,1.2,0.9600000000000002,2.0,0.0,8.0,8.0,1.6,2.56,0.0,0.0,0.0,0.0,0.0,0.0,0.0,0.0,8.0,8.0,2.8,2.0799999999999996,2.0,9.105,22.89,13.785,13.379,5.1288,9.105,0.0,0.0,0.0,0.0,0.0,0.0,0.0,2.25333333333e-05,2.25333333333e-05,4.50666666666e-06,7.210666666656e-06,0.0,12.0,194.0,182.0,84.8,87.35999999999999,12.0,2.0,2.4,0.4,0.0,True,0.6783286799695526,0.15325841834580378
24,-4.630999961846156,-4.630999961846156,-4.630999961846156,-4.630999961846156,-1.562114587182902,7.937668534658892,-1.5412099873022915,7.900049934913133,1.00025,1.39495,0.99675,0.99285,1.31075,0.98865,1.28015,0.98425,0.54645,1.25575,2.02,7.2855,16.703,10.0,0.0,14.0,3.0,29.0,4.15,0.4,-9.552189921301494,-2.272409981278087,-2.272409981278087,-2.272409981278087,0.5277969156497692,5.3874839356062845,0.5632799953592533,5.318219956184293,1.0375500000000002,0.28215,1.6283500000000002,1.0233500000000002,0.28215,0.28215,1.0075500000000002,0.28215,1.3820500000000002,0.99085,0.28215,1.29625,0.97445,0.28205,0.97445,1.81,5.999301,20.51515,0.0,10.0,5.0,1.0,5.0,13.0,4.1,8.12,8.0,83.0,75.0,27.6,23.52,8.0,74.0,87.0,13.0,84.2,4.079999999999998,87.0,15.9994,208.9804,192.981,65.34031999999999,59.209104,15.9994,54.8,544.4,489.59999999999997,202.34199999999998,177.0504,54.8,13.0,16.0,3.0,15.2,0.9600000000000002,16.0,2.0,6.0,4.0,3.2,1.44,2.0,66.0,148.0,82.0,93.6,33.12,66.0,1.81,3.44,1.63,2.83,0.732,3.44,2.0,2.0,0.0,2.0,0.0,2.0,1.0,4.0,3.0,3.2,0.96,4.0,0.0,10.0,10.0,4.0,4.8,0.0,0.0,14.0,14.0,2.8,4.4799999999999995,0.0,6.0,29.0,23.0,12.0,7.2,6.0,0.0,0.0,0.0,0.0,0.0,0.0,2.0,5.0,3.0,2.8,0.96,2.0,0.0,0.0,0.0,0.0,0.0,0.0,0.0,0.0,0.0,0.0,0.0,0.0,2.0,5.0,3.0,2.8,0.96,2.0,9.105,32.95,23.845000000000002,15.8245,8.063400000000001,9.105,0.0,0.0,0.0,0.0,0.0,0.0,0.0,0.0,0.0,0.0,0.0,0.0,12.0,64.0,52.0,22.4,16.639999999999997,12.0,2.0,3.2,4.0,2.8,True,0.48532775582672116,0.10619203160354437
25,-9.98412991774283,-2.0174499833786497,-2.0174499833786497,-2.0174499833786497,0.5782229955112802,4.86344786009144,0.6071399949978998,4.806619960399257,1.12065,1.77235,1.1118500000000002,1.10255,1.57675,1.09325,1.5034500000000002,1.08445,0.5891500000000001,1.08445,1.62,6.108194,20.4283,10.0,0.0,14.0,5.0,27.0,3.9,7.55,-4.966219959084347,-4.334109964292169,-4.334109964292169,-4.334109964292169,-0.5117665957745332,7.220987540517275,-0.4593499962155108,7.633379937110171,1.7630500000000002,0.81215,0.81225,1.6623500000000002,0.79335,0.79335,1.57855,0.77725,0.77725,1.5450500000000005,0.7724500000000001,0.7724500000000001,1.5635500000000002,0.78035,0.78045,1.6,6.75885,14.0,6.0,4.0,0.0,0.0,7.0,5.0,4.05,15.7,8.0,81.0,73.0,29.2,25.439999999999998,8.0,47.0,87.0,40.0,76.8,12.24,87.0,15.9994,204.3833,188.38389999999998,69.057576,63.66981119999999,15.9994,54.8,2750.0,2695.2,698.28,820.6880000000001,54.8,5.0,16.0,11.0,13.2,3.3600000000000003,16.0,2.0,6.0,4.0,3.4,1.6799999999999997,2.0,66.0,164.0,98.0,101.4,42.480000000000004,66.0,1.6,3.44,1.8399999999999999,2.708,0.8783999999999998,3.44,1.0,2.0,1.0,1.8,0.31999999999999995,2.0,0.0,4.0,4.0,2.6,1.6799999999999997,4.0,0.0,10.0,10.0,2.8,3.3599999999999994,0.0,0.0,14.0,14.0,2.8,4.4799999999999995,0.0,5.0,27.0,22.0,10.0,6.8,6.0,0.0,1.0,1.0,0.2,0.32,0.0,0.0,5.0,5.0,2.2,1.12,2.0,0.0,6.0,6.0,1.2,1.92,0.0,0.0,0.0,0.0,0.0,0.0,0.0,2.0,7.0,5.0,3.6,1.9200000000000004,2.0,9.105,26.91,17.805,14.481,6.4512,9.105,0.0,0.0,0.0,0.0,0.0,0.0,0.0,0.0,0.0,0.0,0.0,0.0,12.0,229.0,217.0,91.8,95.75999999999999,12.0,1.8,2.6,2.8,2.8,True,0.5710436013209269,0.1361038038545312
26,-4.223479965203628,-4.223479965203628,-4.223479965203628,-4.223479965203628,-1.2663014895804272,7.40907553898782,-1.25531998965768,7.365979939313225,1.48015,1.48015,1.4059500000000005,1.3480500000000002,1.3480500000000002,1.3039500000000002,1.3039500000000002,1.2689500000000002,0.54625,0.54635,1.93,7.57623,21.47746,10.0,0.0,0.0,1.0,11.0,4.35,6.99,-5.759149952551562,-3.2789299729855776,-3.2789299729855776,-3.2789299729855776,0.4737484960256682,7.382372439109225,0.5112999957875057,7.315779939726812,1.61495,0.88015,0.8802500000000001,1.53835,0.85955,0.85955,1.47405,0.84265,0.84265,1.4223500000000002,0.82845,0.82845,1.3818500000000002,0.81665,0.81665,1.5,7.54957,0.0,7.0,3.0,0.0,0.0,7.0,19.0,4.05,13.1,8.0,73.0,65.0,28.8,24.96,8.0,48.0,87.0,39.0,74.8,14.64,87.0,15.9994,180.94788,164.94848,67.362856,61.6361472,15.9994,54.8,3290.0,3235.2,937.866,1059.6792,54.8,5.0,16.0,11.0,12.8,3.84,16.0,2.0,6.0,4.0,3.4,1.6799999999999997,2.0,66.0,170.0,104.0,102.6,43.92,66.0,1.5,3.44,1.94,2.75,0.8280000000000001,3.44,1.0,2.0,1.0,1.8,0.31999999999999995,2.0,0.0,4.0,4.0,2.4,1.9200000000000004,4.0,0.0,10.0,10.0,2.6,3.12,0.0,0.0,14.0,14.0,2.8,4.4799999999999995,0.0,6.0,19.0,13.0,9.6,4.32,6.0,0.0,1.0,1.0,0.2,0.32,0.0,0.0,2.0,2.0,1.2,0.9600000000000002,2.0,0.0,7.0,7.0,1.4,2.2399999999999998,0.0,0.0,0.0,0.0,0.0,0.0,0.0,1.0,7.0,6.0,2.8,1.6799999999999997,2.0,9.105,18.12,9.015,12.353,3.8975999999999997,9.105,0.0,0.0,0.0,0.0,0.0,0.0,0.0,0.0,0.0,0.0,0.0,0.0,12.0,229.0,217.0,98.0,103.2,12.0,1.8,2.4,2.6,2.8,True,0.6097235715364788,0.12711238841866573
27,-2.019969983357888,-2.019969983357888,-0.4701099961268615,-0.4701099961268615,0.8464991929314734,4.172045865545114,2.6839699778873296,6.535999946151256,1.94775,1.3759500000000002,1.94245,1.89495,0.30575,1.82175,1.82625,1.82645,1.09915,1.82645,1.2,6.1498,12.09,1.0,7.0,7.0,16.0,10.0,3.2,23.5,-8.290709931694568,-2.3619499805403863,-2.3619499805403863,-2.3619499805403863,0.4441415743394725,5.425257643300485,0.4751699960851733,5.362649955818243,1.15315,0.0,1.6294500000000005,1.1298500000000002,0.0,0.0,1.1057500000000002,0.0,1.43935,1.0813500000000005,0.0,1.3516500000000002,1.0573500000000002,0.0,1.0573500000000002,1.61,5.985768,18.82855,0.0,0.0,5.0,1.0,5.0,3.0,4.2,6.8,8.0,64.0,56.0,20.2,17.52,8.0,27.0,87.0,60.0,72.2,18.08,87.0,15.9994,157.25,141.2506,46.44594772,44.321620912,15.9994,54.8,1586.0,1531.2,536.7740000000001,578.3688,54.8,3.0,16.0,13.0,12.8,3.9199999999999995,16.0,2.0,6.0,4.0,3.0,1.2,2.0,66.0,196.0,130.0,103.0,44.4,66.0,1.2,3.44,2.24,2.6260000000000003,0.9767999999999999,3.44,2.0,2.0,0.0,2.0,0.0,2.0,0.0,4.0,4.0,2.6,1.6799999999999997,4.0,0.0,1.0,1.0,0.2,0.32,0.0,0.0,7.0,7.0,1.4,2.2399999999999998,0.0,3.0,10.0,7.0,6.2,1.52,6.0,0.0,0.0,0.0,0.0,0.0,0.0,0.0,5.0,5.0,2.2,1.12,2.0,0.0,9.0,9.0,1.8,2.88,0.0,0.0,7.0,7.0,1.4,2.2399999999999998,0.0,2.0,16.0,14.0,5.4,4.24,2.0,9.105,32.05,22.944999999999997,15.169,7.2768,9.105,0.0,0.0,0.0,0.0,0.0,0.0,0.0,0.0,0.0,0.0,0.0,0.0,12.0,225.0,213.0,91.0,94.8,12.0,2.0,2.6,0.2,1.4,True,0.7147530549426948,0.15546731216114185
28,-3.451029971567682,-1.2011099901043047,-1.2011099901043047,-1.2011099901043047,1.590597686891269,5.774711452508859,1.0662699912152236,6.262719948402754,2.14415,0.33645,2.08705,1.9885500000000005,0.33765,1.87925,0.33615,1.84795,0.0,0.33695,1.13,5.582,10.9,0.0,9.0,5.0,9.0,7.0,3.19,30.1,-8.68299992846257,-2.2182599817242177,-2.2182599817242177,-2.2182599817242177,0.4213267965101795,5.093764258043412,0.4494599962969925,5.036199958507796,1.17515,0.49265,1.7342500000000003,1.16095,0.49265,0.49265,1.1461500000000002,0.49255,1.54635,1.1317500000000005,0.49245,1.47205,1.1182500000000002,0.49235,1.1182500000000002,1.78,5.78636,18.8703,0.0,10.0,5.0,1.0,5.0,13.0,3.9,9.65,8.0,61.0,53.0,26.8,22.560000000000002,8.0,21.0,87.0,66.0,71.4,20.159999999999997,87.0,15.9994,145.0,129.0006,61.56323999999999,54.676608,15.9994,54.8,1373.0,1318.2,393.43,406.35599999999994,54.8,3.0,16.0,13.0,12.8,3.9199999999999995,16.0,2.0,6.0,4.0,3.4,1.6799999999999997,2.0,66.0,199.0,133.0,107.8,50.160000000000004,66.0,1.155,3.44,2.285,2.6510000000000002,0.9468,3.44,2.0,2.0,0.0,2.0,0.0,2.0,0.0,4.0,4.0,2.6,1.6799999999999997,4.0,0.0,10.0,10.0,2.0,3.2,0.0,0.0,5.0,5.0,1.0,1.6,0.0,6.0,13.0,7.0,7.6,2.1599999999999997,6.0,0.0,0.0,0.0,0.0,0.0,0.0,0.0,5.0,5.0,2.2,1.12,2.0,0.0,0.0,0.0,0.0,0.0,0.0,0.0,9.0,9.0,1.8,2.88,0.0,2.0,9.0,7.0,4.0,2.4,2.0,9.105,33.8425,24.7375,17.0835,9.574200000000001,9.105,0.0,0.0,0.0,0.0,0.0,0.0,0.0,0.0,0.0,0.0,0.0,0.0,12.0,194.0,182.0,73.8,74.16,12.0,2.0,2.6,2.0,1.0,True,0.7365851201998697,0.15214436184445657
29,-4.630999961846156,-4.630999961846156,-4.630999961846156,-4.630999961846156,-1.562114587182902,7.937668534658892,-1.5412099873022915,7.900049934913133,1.00025,1.39495,0.99675,0.99285,1.31075,0.98865,1.28015,0.98425,0.54645,1.25575,2.02,7.2855,16.703,10.0,0.0,14.0,3.0,29.0,4.15,0.4,-8.68299992846257,-2.2182599817242177,-2.2182599817242177,-2.2182599817242177,0.4213267965101795,5.093764258043412,0.4494599962969925,5.036199958507796,1.17515,0.49265,1.7342500000000003,1.16095,0.49265,0.49265,1.1461500000000002,0.49255,1.54635,1.1317500000000005,0.49245,1.47205,1.1182500000000002,0.49235,1.1182500000000002,1.78,5.78636,18.8703,0.0,10.0,5.0,1.0,5.0,13.0,3.9,9.65,8.0,83.0,75.0,31.2,27.839999999999996,8.0,75.0,87.0,12.0,84.4,3.7599999999999967,87.0,15.9994,208.9804,192.981,74.35932,70.03190400000001,15.9994,54.8,544.4,489.59999999999997,227.70999999999998,207.49200000000002,54.8,13.0,16.0,3.0,15.2,0.9600000000000002,16.0,2.0,6.0,4.0,3.4,1.6799999999999997,2.0,66.0,148.0,82.0,97.6,37.92,66.0,1.78,3.44,1.66,2.8240000000000003,0.7392,3.44,2.0,2.0,0.0,2.0,0.0,2.0,1.0,4.0,3.0,3.2,0.96,4.0,0.0,10.0,10.0,4.0,4.8,0.0,0.0,14.0,14.0,2.8,4.4799999999999995,0.0,6.0,29.0,23.0,12.0,7.2,6.0,0.0,0.0,0.0,0.0,0.0,0.0,2.0,5.0,3.0,2.8,0.96,2.0,0.0,0.0,0.0,0.0,0.0,0.0,0.0,0.0,0.0,0.0,0.0,0.0,2.0,5.0,3.0,2.8,0.96,2.0,9.105,32.95,23.845000000000002,16.905,9.360000000000001,9.105,0.0,0.0,0.0,0.0,0.0,0.0,0.0,0.0,0.0,0.0,0.0,0.0,12.0,139.0,127.0,37.4,40.64,12.0,2.0,3.2,4.0,2.8,True,0.4978718936931531,0.10783062288571761
30,-6.022689950380311,-6.022689950380311,-0.5626999953640318,-0.5626999953640318,1.603151386824186,9.39452962261901,1.640269986486157,9.382959922695743,1.3031500000000005,1.97285,1.27235,1.2434500000000002,1.2434500000000002,1.21375,1.21375,1.1901500000000005,0.51725,1.1901500000000005,1.69,8.99382,16.90831,10.0,0.0,0.0,0.0,12.0,4.05,7.32,-12.664359895660976,-3.7823299688381695,-3.7823299688381695,-3.7823299688381695,-0.612054094944619,7.280624070018371,-0.579449995226032,7.220969940507932,0.93865,0.26645,1.3239500000000002,0.93145,0.26645,0.26645,0.92365,0.26645,1.18975,0.91555,0.26645,1.1424500000000002,0.90725,0.26635,1.1062500000000002,2.01,7.89943,15.93461,0.0,10.0,4.0,2.0,4.0,14.0,4.55,5.84,8.0,48.0,40.0,20.8,15.360000000000003,8.0,70.0,87.0,17.0,82.0,6.0,87.0,15.9994,112.411,96.4116,46.60984,36.732528,15.9994,54.8,1211.4,1156.6000000000001,394.004,407.0448,54.8,12.0,16.0,4.0,14.8,1.44,16.0,2.0,5.0,3.0,3.0,1.2,2.0,66.0,144.0,78.0,92.4,31.68,66.0,1.69,3.44,1.75,2.804,0.7632000000000001,3.44,2.0,2.0,0.0,2.0,0.0,2.0,0.0,4.0,4.0,2.8,1.44,4.0,0.0,10.0,10.0,4.0,4.8,0.0,0.0,0.0,0.0,0.0,0.0,0.0,6.0,14.0,8.0,8.8,3.3600000000000003,6.0,0.0,0.0,0.0,0.0,0.0,0.0,0.0,4.0,4.0,2.0,0.8,2.0,0.0,0.0,0.0,0.0,0.0,0.0,0.0,0.0,0.0,0.0,0.0,0.0,0.0,4.0,4.0,2.0,0.8,2.0,9.105,23.005,13.899999999999999,13.963,5.829599999999999,9.105,0.0,0.383,0.383,0.0766,0.12256,0.0,0.0,0.0,0.0,0.0,0.0,0.0,12.0,225.0,213.0,91.0,94.8,12.0,2.0,2.8,4.0,0.0,True,0.5349568118659437,0.11323457070740495
31,-2.3584199805694688,-2.3584199805694688,-2.3584199805694688,-2.3584199805694688,-7.773939136038727,-3.0077233752969903,2.1781999820542635,6.07905994991589,2.13695,0.42285,2.07105,1.93325,0.31375,1.8591500000000003,0.31355,1.81675,0.0,0.31375,1.2,5.67038,11.25,0.0,7.0,7.0,7.0,9.0,2.5,27.7,-4.648009961706013,-3.055889974823158,-3.055889974823158,-3.055889974823158,0.5037961558380569,7.098576891509628,0.5568399954123112,7.006299942276553,1.8534500000000005,0.90935,0.90925,1.7616500000000002,0.8783500000000001,0.8783500000000001,1.67355,0.85375,0.85375,1.5971500000000003,0.83435,0.83435,1.5435500000000002,0.82115,0.82115,1.33,6.6339,13.1,8.0,2.0,0.0,0.0,8.0,4.0,3.45,17.9,8.0,63.0,55.0,25.4,20.880000000000003,8.0,25.0,87.0,62.0,66.0,25.2,87.0,15.9994,151.964,135.9646,58.23724,50.685407999999995,15.9994,54.8,2128.0,2073.2,677.48,747.216,54.8,3.0,16.0,13.0,11.0,6.0,16.0,2.0,6.0,4.0,3.4,1.6799999999999997,2.0,66.0,198.0,132.0,114.2,57.84000000000001,66.0,1.185,3.44,2.255,2.567,1.0475999999999999,3.44,2.0,2.0,0.0,2.0,0.0,2.0,0.0,4.0,4.0,2.4,1.9200000000000004,4.0,0.0,2.0,2.0,0.4,0.64,0.0,0.0,7.0,7.0,1.4,2.2399999999999998,0.0,4.0,9.0,5.0,6.2,1.12,6.0,0.0,0.0,0.0,0.0,0.0,0.0,0.0,2.0,2.0,1.2,0.9600000000000002,2.0,0.0,8.0,8.0,1.6,2.56,0.0,0.0,7.0,7.0,1.4,2.2399999999999998,0.0,2.0,8.0,6.0,4.2,2.6399999999999997,2.0,9.105,36.46,27.355,17.394,9.9468,9.105,0.0,0.0,0.0,0.0,0.0,0.0,0.0,0.0,0.0,0.0,0.0,0.0,12.0,229.0,217.0,91.8,95.75999999999999,12.0,2.0,2.4,0.4,1.4,True,0.7147530549426948,0.16651138389881504
32,-2.2273099816496567,-2.2273099816496567,-2.2273099816496567,-2.2273099816496567,-0.347925887129317,4.162399025703636,-0.3497299971186473,4.147669965828211,2.59365,2.59365,2.38825,2.23685,2.23685,2.13415,2.13415,0.5699500000000001,0.0,0.6113500000000001,0.8200000000000001,4.3406633,31.63,0.0,0.0,0.0,1.0,1.0,2.25,43.23,-4.966219959084347,-4.334109964292169,-4.334109964292169,-4.334109964292169,-0.5117665957745332,7.220987540517275,-0.4593499962155108,7.633379937110171,1.7630500000000002,0.81215,0.81225,1.6623500000000002,0.79335,0.79335,1.57855,0.77725,0.77725,1.5450500000000005,0.7724500000000001,0.7724500000000001,1.5635500000000002,0.78035,0.78045,1.6,6.75885,14.0,6.0,4.0,0.0,0.0,7.0,5.0,4.05,15.7,8.0,41.0,33.0,16.8,10.559999999999999,8.0,3.0,87.0,84.0,62.2,29.76,87.0,15.9994,92.90638,76.90698,36.000576,24.0014112,15.9994,54.8,2750.0,2695.2,650.1859999999999,839.9256000000001,54.8,1.0,16.0,15.0,10.8,6.24,16.0,2.0,5.0,3.0,3.0,1.2,2.0,66.0,203.0,137.0,113.0,56.4,66.0,0.82,3.44,2.62,2.548,1.0704,3.44,1.0,2.0,1.0,1.6,0.48,2.0,0.0,4.0,4.0,2.4,1.9200000000000004,4.0,0.0,4.0,4.0,0.8,1.28,0.0,0.0,0.0,0.0,0.0,0.0,0.0,1.0,6.0,5.0,4.8,1.52,6.0,0.0,1.0,1.0,0.4,0.4800000000000001,0.0,0.0,2.0,2.0,1.2,0.9600000000000002,2.0,0.0,6.0,6.0,1.2,1.92,0.0,0.0,0.0,0.0,0.0,0.0,0.0,1.0,7.0,6.0,2.8,1.6799999999999997,2.0,9.105,73.1066666667,64.00166666669999,23.72033333334,19.754533333344,9.105,0.0,0.0,0.0,0.0,0.0,0.0,0.0,0.0,0.0,0.0,0.0,0.0,12.0,229.0,217.0,98.8,104.16,12.0,1.6,2.4,0.8,0.0,True,0.8202341305415322,0.17259723237518118
33,-9.98412991774283,-2.0174499833786497,-2.0174499833786497,-2.0174499833786497,0.5782229955112802,4.86344786009144,0.6071399949978998,4.806619960399257,1.12065,1.77235,1.1118500000000002,1.10255,1.57675,1.09325,1.5034500000000002,1.08445,0.5891500000000001,1.08445,1.62,6.108194,20.4283,10.0,0.0,14.0,5.0,27.0,3.9,7.55,-5.759149952551562,-3.2789299729855776,-3.2789299729855776,-3.2789299729855776,0.4737484960256682,7.382372439109225,0.5112999957875057,7.315779939726812,1.61495,0.88015,0.8802500000000001,1.53835,0.85955,0.85955,1.47405,0.84265,0.84265,1.4223500000000002,0.82845,0.82845,1.3818500000000002,0.81665,0.81665,1.5,7.54957,0.0,7.0,3.0,0.0,0.0,7.0,19.0,4.05,13.1,8.0,81.0,73.0,35.6,33.120000000000005,8.0,48.0,87.0,39.0,77.0,12.0,87.0,15.9994,204.3833,188.38389999999998,86.665876,84.79977120000001,15.9994,54.8,3290.0,3235.2,806.28,993.488,54.8,5.0,16.0,11.0,13.2,3.3600000000000003,16.0,2.0,6.0,4.0,3.6,1.9200000000000004,2.0,66.0,170.0,104.0,102.6,43.92,66.0,1.5,3.44,1.94,2.688,0.9023999999999999,3.44,2.0,2.0,0.0,2.0,0.0,2.0,0.0,4.0,4.0,2.6,1.6799999999999997,4.0,0.0,10.0,10.0,2.6,3.12,0.0,0.0,14.0,14.0,5.6,6.719999999999999,0.0,6.0,27.0,21.0,12.8,8.16,6.0,0.0,0.0,0.0,0.0,0.0,0.0,0.0,5.0,5.0,2.2,1.12,2.0,0.0,7.0,7.0,1.4,2.2399999999999998,0.0,0.0,0.0,0.0,0.0,0.0,0.0,2.0,7.0,5.0,3.6,1.9200000000000004,2.0,9.105,26.91,17.805,14.469,6.4368,9.105,0.0,0.0,0.0,0.0,0.0,0.0,0.0,0.0,0.0,0.0,0.0,0.0,12.0,229.0,217.0,91.8,95.75999999999999,12.0,2.0,2.6,2.6,5.6,True,0.6097235715364788,0.14088514159115104
34,-2.781479977083966,-2.781479977083966,-1.072319991165379,-1.072319991165379,2.903782976091173,6.083155549909696,1.8723199845743448,6.376199947467815,2.11275,1.31275,2.09185,2.02515,0.34785,1.9116500000000003,0.34915,1.92685,0.0,1.92685,1.14,5.525,10.72,0.0,10.0,4.0,10.0,6.0,3.19,31.4,-8.68299992846257,-2.2182599817242177,-2.2182599817242177,-2.2182599817242177,0.4213267965101795,5.093764258043412,0.4494599962969925,5.036199958507796,1.17515,0.49265,1.7342500000000003,1.16095,0.49265,0.49265,1.1461500000000002,0.49255,1.54635,1.1317500000000005,0.49245,1.47205,1.1182500000000002,0.49235,1.1182500000000002,1.78,5.78636,18.8703,0.0,10.0,5.0,1.0,5.0,13.0,3.9,9.65,8.0,60.0,52.0,26.6,22.32,8.0,19.0,87.0,68.0,71.0,20.8,87.0,15.9994,144.242,128.24259999999998,61.41164,54.494688,15.9994,54.8,1294.0,1239.2,377.63,387.396,54.8,3.0,16.0,13.0,12.8,3.9199999999999995,16.0,2.0,6.0,4.0,3.4,1.6799999999999997,2.0,66.0,201.0,135.0,108.2,50.64,66.0,1.14,3.44,2.3,2.648,0.9503999999999999,3.44,2.0,2.0,0.0,2.0,0.0,2.0,0.0,4.0,4.0,2.6,1.6799999999999997,4.0,0.0,10.0,10.0,2.0,3.2,0.0,0.0,4.0,4.0,0.8,1.28,0.0,6.0,13.0,7.0,7.4,2.24,6.0,0.0,0.0,0.0,0.0,0.0,0.0,0.0,5.0,5.0,2.2,1.12,2.0,0.0,0.0,0.0,0.0,0.0,0.0,0.0,10.0,10.0,2.0,3.2,0.0,2.0,10.0,8.0,4.2,2.6399999999999997,2.0,9.105,34.81,25.705000000000002,17.277,9.8064,9.105,0.0,0.0,0.0,0.0,0.0,0.0,0.0,0.0,0.0,0.0,0.0,0.0,12.0,194.0,182.0,73.8,74.16,12.0,2.0,2.6,2.0,0.8,True,0.7335317021864758,0.15166169502231777
35,-1.9539099839021423,-1.9539099839021423,-1.9539099839021423,-1.9539099839021423,-0.3036118975140773,3.6984121695097367,-0.3121499974282611,3.673269969736694,3.01135,3.01135,2.78135,2.58495,2.58495,2.45185,2.45185,0.81755,0.38145,0.94155,0.79,3.893905,23.15744,0.0,0.0,0.0,1.0,1.0,1.95,59.42,-5.759149952551562,-3.2789299729855776,-3.2789299729855776,-3.2789299729855776,0.4737484960256682,7.382372439109225,0.5112999957875057,7.315779939726812,1.61495,0.88015,0.8802500000000001,1.53835,0.85955,0.85955,1.47405,0.84265,0.84265,1.4223500000000002,0.82845,0.82845,1.3818500000000002,0.81665,0.81665,1.5,7.54957,0.0,7.0,3.0,0.0,0.0,7.0,19.0,4.05,13.1,8.0,73.0,65.0,30.4,26.879999999999995,8.0,5.0,87.0,82.0,62.8,29.04,87.0,15.9994,180.94788,164.94848,72.37030638,67.645087656,15.9994,54.8,3290.0,3235.2,751.1980000000001,1015.5208,54.8,1.0,16.0,15.0,10.8,6.24,16.0,2.0,6.0,4.0,3.6,1.9200000000000004,2.0,66.0,244.0,178.0,122.4,67.67999999999999,66.0,0.79,3.44,2.65,2.522,1.1016,3.44,1.0,2.0,1.0,1.8,0.31999999999999995,2.0,0.0,4.0,4.0,2.4,1.9200000000000004,4.0,0.0,3.0,3.0,0.6,0.96,0.0,0.0,14.0,14.0,2.8,4.4799999999999995,0.0,1.0,19.0,18.0,7.6,4.56,6.0,0.0,1.0,1.0,0.2,0.32,0.0,0.0,2.0,2.0,1.2,0.9600000000000002,2.0,0.0,7.0,7.0,1.4,2.2399999999999998,0.0,0.0,0.0,0.0,0.0,0.0,0.0,1.0,7.0,6.0,2.8,1.6799999999999997,2.0,9.105,115.765,106.66,32.239999999999995,33.41,9.105,0.0,0.0,0.0,0.0,0.0,0.0,0.0,0.0,0.0,0.0,0.0,0.0,12.0,229.0,217.0,98.8,104.16,12.0,1.8,2.4,0.6,2.8,True,0.8272007909708047,0.17716721123336404
36,-2.123489982505008,-2.123489982505008,-2.123489982505008,-2.123489982505008,-0.3444005771763447,3.992618027090578,-0.3481099971319941,3.9702199672901832,2.75175,2.75175,2.51995,2.35115,2.35115,2.24385,2.24385,0.66735,0.20805,0.75555,0.8200000000000001,4.177128,27.2895,0.0,0.0,0.0,1.0,1.0,2.1,47.27,-5.759149952551562,-3.2789299729855776,-3.2789299729855776,-3.2789299729855776,0.4737484960256682,7.382372439109225,0.5112999957875057,7.315779939726812,1.61495,0.88015,0.8802500000000001,1.53835,0.85955,0.85955,1.47405,0.84265,0.84265,1.4223500000000002,0.82845,0.82845,1.3818500000000002,0.81665,0.81665,1.5,7.54957,0.0,7.0,3.0,0.0,0.0,7.0,19.0,4.05,13.1,8.0,73.0,65.0,26.8,22.560000000000002,8.0,4.0,87.0,83.0,62.6,29.279999999999994,87.0,15.9994,180.94788,164.94848,62.882776,56.2600512,15.9994,54.8,3290.0,3235.2,753.3720000000001,1014.6512,54.8,1.0,16.0,15.0,10.8,6.24,16.0,2.0,6.0,4.0,3.4,1.6799999999999997,2.0,66.0,220.0,154.0,117.6,61.92,66.0,0.82,3.44,2.62,2.528,1.0943999999999998,3.44,1.0,2.0,1.0,1.8,0.31999999999999995,2.0,0.0,4.0,4.0,2.4,1.9200000000000004,4.0,0.0,3.0,3.0,0.6,0.96,0.0,0.0,14.0,14.0,2.8,4.4799999999999995,0.0,1.0,19.0,18.0,7.6,4.56,6.0,0.0,1.0,1.0,0.2,0.32,0.0,0.0,2.0,2.0,1.2,0.9600000000000002,2.0,0.0,7.0,7.0,1.4,2.2399999999999998,0.0,0.0,0.0,0.0,0.0,0.0,0.0,1.0,7.0,6.0,2.8,1.6799999999999997,2.0,9.105,90.7225,81.61749999999999,27.2315,25.3964,9.105,0.0,0.0,0.0,0.0,0.0,0.0,0.0,0.0,0.0,0.0,0.0,0.0,12.0,229.0,217.0,98.8,104.16,12.0,1.8,2.4,0.6,2.8,True,0.8202341305415322,0.17596166486398895
37,-3.942079967522024,-3.942079967522024,-0.935069992296153,-0.935069992296153,1.3744005986758032,6.388740337367709,1.3953099885043316,6.391409947342504,1.9962500000000003,2.07055,1.89425,1.80815,1.80815,1.73995,1.73995,1.6818500000000003,0.0,1.6818500000000003,1.0,6.11316,11.87172,0.0,0.0,0.0,0.0,2.0,2.55,25.7333333333,-4.762429960763331,-3.55338997072436,-3.55338997072436,-3.55338997072436,0.7799878335735743,7.4794458083788,0.8744399927956709,7.940329934581274,1.7509500000000002,0.55955,0.55955,1.6480500000000002,0.54055,0.54055,1.5416500000000002,0.52475,0.52475,1.47195,0.51685,0.51685,1.4704500000000005,0.52105,0.52105,1.54,6.82812,13.5755,8.0,2.0,0.0,0.0,8.0,4.0,3.8,14.6,8.0,22.0,14.0,13.2,6.24,8.0,7.0,87.0,80.0,62.2,29.76,87.0,15.9994,47.867,31.867599999999996,27.18864,13.427088000000001,15.9994,54.8,1941.0,1886.2,644.08,707.1360000000001,54.8,2.0,16.0,14.0,10.8,6.24,16.0,2.0,4.0,2.0,2.8,0.96,2.0,66.0,176.0,110.0,106.8,48.96,66.0,1.0,3.44,2.44,2.572,1.0416,3.44,2.0,2.0,0.0,2.0,0.0,2.0,0.0,4.0,4.0,2.4,1.9200000000000004,4.0,0.0,2.0,2.0,0.4,0.64,0.0,0.0,0.0,0.0,0.0,0.0,0.0,2.0,6.0,4.0,4.8,1.44,6.0,0.0,0.0,0.0,0.0,0.0,0.0,0.0,2.0,2.0,1.2,0.9600000000000002,2.0,0.0,8.0,8.0,1.6,2.56,0.0,0.0,0.0,0.0,0.0,0.0,0.0,0.0,8.0,8.0,2.8,2.0799999999999996,2.0,9.105,37.77,28.665000000000003,16.355,8.7,9.105,0.0,0.0,0.0,0.0,0.0,0.0,0.0,2.25333333333e-05,2.25333333333e-05,4.50666666666e-06,7.210666666656e-06,0.0,12.0,225.0,213.0,91.0,94.8,12.0,2.0,2.4,0.4,0.0,True,0.7742664595807831,0.16705768275181732
38,-8.68299992846257,-2.2182599817242177,-2.2182599817242177,-2.2182599817242177,0.4213267965101795,5.093764258043412,0.4494599962969925,5.036199958507796,1.17515,1.7342500000000003,1.16095,1.1461500000000002,1.54635,1.1317500000000005,1.47205,1.1182500000000002,0.49235,1.1182500000000002,1.78,5.78636,18.8703,10.0,0.0,0.0,5.0,13.0,3.9,9.65,-4.9067299595744736,-4.9067299595744736,-4.9067299595744736,-4.9067299595744736,-1.6736126861533072,8.358098431195685,-1.65503998636447,8.322429931433232,1.02045,0.44815,1.3336500000000002,1.0134500000000002,0.44815,0.44815,1.00615,0.44815,1.24965,0.99845,0.44805,1.2173500000000002,0.99065,0.44805,1.1907500000000002,2.05,8.60839,16.63,0.0,10.0,3.0,3.0,3.0,15.0,4.4,6.6,8.0,51.0,43.0,24.8,20.160000000000004,8.0,75.0,87.0,12.0,84.2,3.6799999999999984,87.0,15.9994,121.76,105.76060000000001,56.91524,49.099008,15.9994,54.8,903.78,848.98,299.58599999999996,293.7432,54.8,13.0,16.0,3.0,15.2,0.9600000000000002,16.0,2.0,5.0,3.0,3.2,1.44,2.0,66.0,142.0,76.0,95.8,35.760000000000005,66.0,1.78,3.44,1.66,2.83,0.732,3.44,2.0,2.0,0.0,2.0,0.0,2.0,1.0,4.0,3.0,3.2,0.96,4.0,0.0,10.0,10.0,4.0,4.8,0.0,0.0,0.0,0.0,0.0,0.0,0.0,6.0,15.0,9.0,9.2,3.84,6.0,0.0,0.0,0.0,0.0,0.0,0.0,2.0,5.0,3.0,2.8,0.96,2.0,0.0,0.0,0.0,0.0,0.0,0.0,0.0,0.0,0.0,0.0,0.0,0.0,2.0,5.0,3.0,2.8,0.96,2.0,9.105,31.56,22.455,16.627000000000002,9.0264,9.105,0.0,0.0,0.0,0.0,0.0,0.0,0.0,0.0,0.0,0.0,0.0,0.0,12.0,166.0,154.0,68.2,67.44000000000001,12.0,2.0,3.2,4.0,0.0,True,0.4978718936931531,0.10643729636528385
39,-2.3584199805694688,-2.3584199805694688,-2.3584199805694688,-2.3584199805694688,-7.773939136038727,-3.0077233752969903,2.1781999820542635,6.07905994991589,2.13695,0.42285,2.07105,1.93325,0.31375,1.8591500000000003,0.31355,1.81675,0.0,0.31375,1.2,5.67038,11.25,0.0,7.0,7.0,7.0,9.0,2.5,27.7,-5.356469955869159,-2.187909981974265,-2.187909981974265,-2.187909981974265,1.2615776897041928,6.030562050389042,1.3050599892478825,5.949019950987262,1.69755,0.98135,0.98135,1.61085,0.93655,0.93655,1.54465,0.90685,0.90685,1.4927500000000002,0.8843500000000001,0.8843500000000001,1.4547500000000002,0.86755,0.86755,1.3,6.82507,15.0,8.0,2.0,0.0,0.0,8.0,18.0,3.6,16.2,8.0,72.0,64.0,31.8,28.560000000000002,8.0,25.0,87.0,62.0,66.2,24.96,87.0,15.9994,178.49,162.4906,75.69044,71.629248,15.9994,54.8,2506.0,2451.2,753.08,837.936,54.8,3.0,16.0,13.0,11.0,6.0,16.0,2.0,6.0,4.0,3.6,1.9200000000000004,2.0,66.0,198.0,132.0,114.2,57.84000000000001,66.0,1.185,3.44,2.255,2.561,1.0547999999999997,3.44,2.0,2.0,0.0,2.0,0.0,2.0,0.0,4.0,4.0,2.4,1.9200000000000004,4.0,0.0,2.0,2.0,0.4,0.64,0.0,0.0,14.0,14.0,4.2,5.040000000000001,0.0,6.0,18.0,12.0,9.0,3.6,6.0,0.0,0.0,0.0,0.0,0.0,0.0,0.0,2.0,2.0,1.2,0.9600000000000002,2.0,0.0,8.0,8.0,1.6,2.56,0.0,0.0,7.0,7.0,1.4,2.2399999999999998,0.0,2.0,8.0,6.0,4.2,2.6399999999999997,2.0,9.105,36.46,27.355,17.195,9.708,9.105,0.0,0.0,0.0,0.0,0.0,0.0,0.0,0.0,0.0,0.0,0.0,0.0,12.0,229.0,217.0,91.8,95.75999999999999,12.0,2.0,2.4,0.4,4.2,True,0.7147530549426948,0.16767955268442047
40,-3.35827997233183,-3.35827997233183,-1.3349399890017073,-1.3349399890017073,1.4983806876590446,5.406739955395823,1.6443999864521308,5.413399955400124,2.51635,2.37265,2.39355,2.20615,2.20615,2.13935,2.13935,2.08965,0.0,2.08965,0.89,5.211664,10.00383,0.0,0.0,0.0,0.0,2.0,2.32,39.7,-1.845129984798358,-1.845129984798358,-1.7665499854457625,-1.845129984798358,0.9969753918058928,5.602414853864822,0.78892999350017,6.363579947571789,2.13775,1.3334500000000002,1.3334500000000002,2.15485,1.31455,1.31455,2.05375,1.23595,1.23995,1.98315,1.1770500000000002,1.98545,1.96955,1.1689500000000002,1.96955,1.12,5.5387,10.85,9.0,1.0,0.0,0.0,22.0,4.0,3.18,29.6,8.0,58.0,50.0,27.6,23.52,8.0,9.0,87.0,78.0,57.0,36.0,87.0,15.9994,140.116,124.11660000000002,65.08824,58.906608000000006,15.9994,54.8,1071.0,1016.2,447.08000000000004,470.73600000000005,54.8,2.0,16.0,14.0,10.6,6.480000000000001,16.0,2.0,6.0,4.0,3.6,1.9200000000000004,2.0,66.0,215.0,149.0,123.4,68.88,66.0,0.89,3.44,2.55,2.466,1.1687999999999998,3.44,2.0,2.0,0.0,2.0,0.0,2.0,0.0,4.0,4.0,2.4,1.9200000000000004,4.0,0.0,1.0,1.0,0.2,0.32,0.0,0.0,1.0,1.0,0.2,0.32,0.0,2.0,6.0,4.0,4.8,1.44,6.0,0.0,0.0,0.0,0.0,0.0,0.0,0.0,2.0,2.0,1.2,0.9600000000000002,2.0,0.0,9.0,9.0,1.8,2.88,0.0,0.0,13.0,13.0,2.6,4.16,0.0,0.0,22.0,22.0,5.6,6.56,2.0,9.105,63.59,54.485,25.629,19.8288,9.105,0.0,0.0,0.0,0.0,0.0,0.0,0.0,0.0,0.0,0.0,0.0,0.0,12.0,229.0,217.0,91.8,95.75999999999999,12.0,2.0,2.4,0.2,0.2,True,0.8032113561415081,0.1856648683832734
41,-3.35827997233183,-3.35827997233183,-1.3349399890017073,-1.3349399890017073,1.4983806876590446,5.406739955395823,1.6443999864521308,5.413399955400124,2.51635,2.37265,2.39355,2.20615,2.20615,2.13935,2.13935,2.08965,0.0,2.08965,0.89,5.211664,10.00383,0.0,0.0,0.0,0.0,2.0,2.32,39.7,-11.283399907038415,-3.5790999705125395,-3.5790999705125395,-3.5790999705125395,-0.6688998944897034,6.747624044360574,-0.6409299947195111,6.701019944791692,1.08925,0.46915,1.5056500000000002,1.0801500000000002,0.46915,0.46915,1.0700500000000002,0.46915,1.3725500000000002,1.0592500000000002,0.46905,1.3271500000000005,1.04835,0.46895,1.29265,1.96,7.34392,14.6322,0.0,10.0,4.0,2.0,4.0,14.0,4.15,7.06,8.0,56.0,48.0,26.0,21.6,8.0,9.0,87.0,78.0,70.0,24.4,87.0,15.9994,137.327,121.3276,60.80703999999999,53.76916799999999,15.9994,54.8,1000.0,945.2,333.896,334.9152,54.8,2.0,16.0,14.0,12.8,4.319999999999999,16.0,2.0,6.0,4.0,3.4,1.6799999999999997,2.0,66.0,215.0,149.0,110.4,53.279999999999994,66.0,0.89,3.44,2.55,2.634,0.9672000000000001,3.44,2.0,2.0,0.0,2.0,0.0,2.0,0.0,4.0,4.0,2.8,1.44,4.0,0.0,10.0,10.0,2.0,3.2,0.0,0.0,0.0,0.0,0.0,0.0,0.0,2.0,14.0,12.0,6.8,2.88,6.0,0.0,0.0,0.0,0.0,0.0,0.0,0.0,4.0,4.0,2.0,0.8,2.0,0.0,0.0,0.0,0.0,0.0,0.0,0.0,0.0,0.0,0.0,0.0,0.0,0.0,4.0,4.0,2.0,0.8,2.0,9.105,63.59,54.485,24.838,18.8796,9.105,0.0,0.0,0.0,0.0,0.0,0.0,0.0,0.0,0.0,0.0,0.0,0.0,12.0,229.0,217.0,81.2,83.04,12.0,2.0,2.8,2.0,0.0,True,0.8032113561415081,0.1569412803575394
42,-3.35827997233183,-3.35827997233183,-1.3349399890017073,-1.3349399890017073,1.4983806876590446,5.406739955395823,1.6443999864521308,5.413399955400124,2.51635,2.37265,2.39355,2.20615,2.20615,2.13935,2.13935,2.08965,0.0,2.08965,0.89,5.211664,10.00383,0.0,0.0,0.0,0.0,2.0,2.32,39.7,-4.762429960763331,-3.55338997072436,-3.55338997072436,-3.55338997072436,0.7799878335735743,7.4794458083788,0.8744399927956709,7.940329934581274,1.7509500000000002,0.55955,0.55955,1.6480500000000002,0.54055,0.54055,1.5416500000000002,0.52475,0.52475,1.47195,0.51685,0.51685,1.4704500000000005,0.52105,0.52105,1.54,6.82812,13.5755,8.0,2.0,0.0,0.0,8.0,4.0,3.8,14.6,8.0,56.0,48.0,20.4,14.88,8.0,9.0,87.0,78.0,62.6,29.279999999999994,87.0,15.9994,137.327,121.3276,46.638439999999996,36.766847999999996,15.9994,54.8,1941.0,1886.2,621.08,679.5360000000001,54.8,2.0,16.0,14.0,10.8,6.24,16.0,2.0,6.0,4.0,3.2,1.44,2.0,66.0,215.0,149.0,114.6,58.32000000000001,66.0,0.89,3.44,2.55,2.55,1.068,3.44,2.0,2.0,0.0,2.0,0.0,2.0,0.0,4.0,4.0,2.4,1.9200000000000004,4.0,0.0,2.0,2.0,0.4,0.64,0.0,0.0,0.0,0.0,0.0,0.0,0.0,2.0,6.0,4.0,4.8,1.44,6.0,0.0,0.0,0.0,0.0,0.0,0.0,0.0,2.0,2.0,1.2,0.9600000000000002,2.0,0.0,8.0,8.0,1.6,2.56,0.0,0.0,0.0,0.0,0.0,0.0,0.0,0.0,8.0,8.0,2.8,2.0799999999999996,2.0,9.105,63.59,54.485,21.519,16.8284,9.105,0.0,0.0,0.0,0.0,0.0,0.0,0.0,2.25333333333e-05,2.25333333333e-05,4.50666666666e-06,7.210666666656e-06,0.0,12.0,229.0,217.0,91.8,95.75999999999999,12.0,2.0,2.4,0.4,0.0,True,0.8032113561415081,0.17172834230667633
43,-12.747499894976,-3.3637199722870115,-3.3637199722870115,-3.3637199722870115,-0.5061433960531401,6.442776446960848,-0.4826099960238767,6.39928994727758,1.05495,1.5447500000000003,1.0494500000000002,1.0435500000000002,1.42345,1.0372500000000002,1.3764500000000002,1.03085,0.56675,1.33855,2.33,7.41663,15.03248,10.0,0.0,14.0,4.0,28.0,4.1,6.995,-5.356469955869159,-2.187909981974265,-2.187909981974265,-2.187909981974265,1.2615776897041928,6.030562050389042,1.3050599892478825,5.949019950987262,1.69755,0.98135,0.98135,1.61085,0.93655,0.93655,1.54465,0.90685,0.90685,1.4927500000000002,0.8843500000000001,0.8843500000000001,1.4547500000000002,0.86755,0.86755,1.3,6.82507,15.0,8.0,2.0,0.0,0.0,8.0,18.0,3.6,16.2,8.0,82.0,74.0,35.6,33.120000000000005,8.0,45.0,87.0,42.0,77.4,12.959999999999997,87.0,15.9994,207.2,191.20059999999998,86.73764,84.885888,15.9994,54.8,2506.0,2451.2,654.202,740.7192,54.8,4.0,16.0,12.0,13.2,3.6800000000000006,16.0,2.0,6.0,4.0,3.6,1.9200000000000004,2.0,66.0,175.0,109.0,103.8,45.36,66.0,1.3,3.44,2.1399999999999997,2.79,0.7799999999999999,3.44,2.0,2.0,0.0,2.0,0.0,2.0,0.0,4.0,4.0,2.8,1.44,4.0,0.0,10.0,10.0,2.4,3.04,0.0,0.0,14.0,14.0,5.6,6.719999999999999,0.0,6.0,28.0,22.0,12.8,8.16,6.0,0.0,0.0,0.0,0.0,0.0,0.0,0.0,4.0,4.0,2.0,0.8,2.0,0.0,8.0,8.0,1.6,2.56,0.0,0.0,0.0,0.0,0.0,0.0,0.0,2.0,8.0,6.0,3.6,1.9200000000000004,2.0,9.105,28.11,19.005,15.525,7.703999999999999,9.105,0.0,0.0,0.0,0.0,0.0,0.0,0.0,0.0,0.0,0.0,0.0,0.0,12.0,225.0,213.0,91.0,94.8,12.0,2.0,2.8,2.4,5.6,True,0.6817442582266291,0.12294034362227996
44,-2.2273099816496567,-2.2273099816496567,-2.2273099816496567,-2.2273099816496567,-0.347925887129317,4.162399025703636,-0.3497299971186473,4.147669965828211,2.59365,2.59365,2.38825,2.23685,2.23685,2.13415,2.13415,0.5699500000000001,0.0,0.6113500000000001,0.8200000000000001,4.3406633,31.63,0.0,0.0,0.0,1.0,1.0,2.25,43.23,-5.759149952551562,-3.2789299729855776,-3.2789299729855776,-3.2789299729855776,0.4737484960256682,7.382372439109225,0.5112999957875057,7.315779939726812,1.61495,0.88015,0.8802500000000001,1.53835,0.85955,0.85955,1.47405,0.84265,0.84265,1.4223500000000002,0.82845,0.82845,1.3818500000000002,0.81665,0.81665,1.5,7.54957,0.0,7.0,3.0,0.0,0.0,7.0,19.0,4.05,13.1,8.0,73.0,65.0,23.2,19.919999999999998,8.0,3.0,87.0,84.0,62.4,29.520000000000003,87.0,15.9994,180.94788,164.94848,53.608875999999995,50.9356016,15.9994,54.8,3290.0,3235.2,758.1859999999999,1012.7256000000001,54.8,1.0,16.0,15.0,10.8,6.24,16.0,2.0,6.0,4.0,3.2,1.44,2.0,66.0,203.0,137.0,114.2,57.84000000000001,66.0,0.82,3.44,2.62,2.528,1.0943999999999998,3.44,1.0,2.0,1.0,1.8,0.31999999999999995,2.0,0.0,4.0,4.0,2.4,1.9200000000000004,4.0,0.0,3.0,3.0,0.6,0.96,0.0,0.0,14.0,14.0,2.8,4.4799999999999995,0.0,1.0,19.0,18.0,7.6,4.56,6.0,0.0,1.0,1.0,0.2,0.32,0.0,0.0,2.0,2.0,1.2,0.9600000000000002,2.0,0.0,7.0,7.0,1.4,2.2399999999999998,0.0,0.0,0.0,0.0,0.0,0.0,0.0,1.0,7.0,6.0,2.8,1.6799999999999997,2.0,9.105,73.1066666667,64.00166666669999,23.70833333334,19.759333333343996,9.105,0.0,0.0,0.0,0.0,0.0,0.0,0.0,0.0,0.0,0.0,0.0,0.0,12.0,229.0,217.0,98.8,104.16,12.0,1.8,2.4,0.6,2.8,True,0.8202341305415322,0.17596166486398895
45,-2.665759978037359,-2.665759978037359,-2.665759978037359,-2.665759978037359,-0.4969475689067794,4.962073789117701,-0.4904299959594493,4.9517099592038925,2.13215,2.13215,1.95145,1.80045,1.80045,1.6862500000000002,1.6862500000000002,0.32095,0.0,0.28665,0.93,5.139076,47.2864,0.0,0.0,0.0,1.0,1.0,2.7,24.11,-4.966219959084347,-4.334109964292169,-4.334109964292169,-4.334109964292169,-0.5117665957745332,7.220987540517275,-0.4593499962155108,7.633379937110171,1.7630500000000002,0.81215,0.81225,1.6623500000000002,0.79335,0.79335,1.57855,0.77725,0.77725,1.5450500000000005,0.7724500000000001,0.7724500000000001,1.5635500000000002,0.78035,0.78045,1.6,6.75885,14.0,6.0,4.0,0.0,0.0,7.0,5.0,4.05,15.7,8.0,41.0,33.0,15.2,10.319999999999999,8.0,2.0,87.0,85.0,62.0,30.0,87.0,15.9994,92.90638,76.90698,32.778869856,24.0510040576,15.9994,54.8,2750.0,2695.2,657.054,837.1784,54.8,1.0,16.0,15.0,10.8,6.24,16.0,2.0,5.0,3.0,2.8,0.96,2.0,66.0,166.0,100.0,105.6,47.519999999999996,66.0,0.93,3.44,2.51,2.5700000000000003,1.0439999999999998,3.44,1.0,2.0,1.0,1.6,0.48,2.0,0.0,4.0,4.0,2.4,1.9200000000000004,4.0,0.0,4.0,4.0,0.8,1.28,0.0,0.0,0.0,0.0,0.0,0.0,0.0,1.0,6.0,5.0,4.8,1.52,6.0,0.0,1.0,1.0,0.4,0.4800000000000001,0.0,0.0,2.0,2.0,1.2,0.9600000000000002,2.0,0.0,6.0,6.0,1.2,1.92,0.0,0.0,0.0,0.0,0.0,0.0,0.0,1.0,7.0,6.0,2.8,1.6799999999999997,2.0,9.105,29.2433333333,20.1383333333,14.947666666660002,7.011199999992,9.105,0.0,0.0,0.0,0.0,0.0,0.0,0.0,0.0,0.0,0.0,0.0,0.0,12.0,229.0,217.0,98.8,104.16,12.0,1.6,2.4,0.8,0.0,True,0.792997622442975,0.16793122204481953
46,-4.223479965203628,-4.223479965203628,-4.223479965203628,-4.223479965203628,-1.2663014895804272,7.40907553898782,-1.25531998965768,7.365979939313225,1.48015,1.48015,1.4059500000000005,1.3480500000000002,1.3480500000000002,1.3039500000000002,1.3039500000000002,1.2689500000000002,0.54625,0.54635,1.93,7.57623,21.47746,10.0,0.0,0.0,1.0,11.0,4.35,6.99,-4.966219959084347,-4.334109964292169,-4.334109964292169,-4.334109964292169,-0.5117665957745332,7.220987540517275,-0.4593499962155108,7.633379937110171,1.7630500000000002,0.81215,0.81225,1.6623500000000002,0.79335,0.79335,1.57855,0.77725,0.77725,1.5450500000000005,0.7724500000000001,0.7724500000000001,1.5635500000000002,0.78035,0.78045,1.6,6.75885,14.0,6.0,4.0,0.0,0.0,7.0,5.0,4.05,15.7,8.0,47.0,39.0,22.4,17.28,8.0,47.0,87.0,40.0,74.6,14.88,87.0,15.9994,107.8682,91.86880000000001,49.754556,40.5061872,15.9994,54.8,2750.0,2695.2,829.866,930.0792000000001,54.8,5.0,16.0,11.0,12.8,3.84,16.0,2.0,5.0,3.0,3.2,1.44,2.0,66.0,164.0,98.0,101.4,42.480000000000004,66.0,1.6,3.44,1.8399999999999999,2.7700000000000005,0.8039999999999999,3.44,1.0,2.0,1.0,1.6,0.48,2.0,0.0,4.0,4.0,2.4,1.9200000000000004,4.0,0.0,10.0,10.0,2.8,3.3599999999999994,0.0,0.0,0.0,0.0,0.0,0.0,0.0,5.0,11.0,6.0,6.8,1.6799999999999997,6.0,0.0,1.0,1.0,0.4,0.4800000000000001,0.0,0.0,2.0,2.0,1.2,0.9600000000000002,2.0,0.0,6.0,6.0,1.2,1.92,0.0,0.0,0.0,0.0,0.0,0.0,0.0,1.0,7.0,6.0,2.8,1.6799999999999997,2.0,9.105,18.18,9.075,12.365,3.911999999999999,9.105,0.0,0.0,0.0,0.0,0.0,0.0,0.0,0.0,0.0,0.0,0.0,0.0,12.0,229.0,217.0,98.0,103.2,12.0,1.6,2.4,2.8,0.0,True,0.5710436013209269,0.12173818567442174
47,-3.709159969441003,-3.709159969441003,-0.9006499925797321,-0.9006499925797321,1.114752790845946,5.960128210919736,1.1364599906369428,5.964719950857914,2.16695,2.26615,2.05905,1.96785,1.96785,1.89395,1.89395,1.8331500000000005,0.0,1.8331500000000005,0.95,5.69485,11.0301,0.0,0.0,0.0,0.0,2.0,2.4,25.55,-11.283399907038415,-3.5790999705125395,-3.5790999705125395,-3.5790999705125395,-0.6688998944897034,6.747624044360574,-0.6409299947195111,6.701019944791692,1.08925,0.46915,1.5056500000000002,1.0801500000000002,0.46915,0.46915,1.0700500000000002,0.46915,1.3725500000000002,1.0592500000000002,0.46905,1.3271500000000005,1.04835,0.46895,1.29265,1.96,7.34392,14.6322,0.0,10.0,4.0,2.0,4.0,14.0,4.15,7.06,8.0,50.0,42.0,22.4,17.28,8.0,8.0,87.0,79.0,69.8,24.720000000000002,87.0,15.9994,118.71,102.7106,50.86564,41.839487999999996,15.9994,54.8,1050.0,995.2,343.896,346.9152,54.8,2.0,16.0,14.0,12.8,4.319999999999999,16.0,2.0,5.0,3.0,3.2,1.44,2.0,66.0,195.0,129.0,106.4,48.480000000000004,66.0,0.95,3.44,2.49,2.646,0.9527999999999999,3.44,2.0,2.0,0.0,2.0,0.0,2.0,0.0,4.0,4.0,2.8,1.44,4.0,0.0,10.0,10.0,2.0,3.2,0.0,0.0,0.0,0.0,0.0,0.0,0.0,2.0,14.0,12.0,6.8,2.88,6.0,0.0,0.0,0.0,0.0,0.0,0.0,0.0,4.0,4.0,2.0,0.8,2.0,0.0,0.0,0.0,0.0,0.0,0.0,0.0,0.0,0.0,0.0,0.0,0.0,0.0,4.0,4.0,2.0,0.8,2.0,9.105,54.23,45.125,22.965999999999998,16.6332,9.105,0.0,0.0,0.0,0.0,0.0,0.0,0.0,0.0,0.0,0.0,0.0,0.0,12.0,225.0,213.0,80.4,82.08,12.0,2.0,2.8,2.0,0.0,True,0.7877573323062756,0.15413465652060815
48,-3.709159969441003,-3.709159969441003,-0.9006499925797321,-0.9006499925797321,1.114752790845946,5.960128210919736,1.1364599906369428,5.964719950857914,2.16695,2.26615,2.05905,1.96785,1.96785,1.89395,1.89395,1.8331500000000005,0.0,1.8331500000000005,0.95,5.69485,11.0301,0.0,0.0,0.0,0.0,2.0,2.4,25.55,-4.762429960763331,-3.55338997072436,-3.55338997072436,-3.55338997072436,0.7799878335735743,7.4794458083788,0.8744399927956709,7.940329934581274,1.7509500000000002,0.55955,0.55955,1.6480500000000002,0.54055,0.54055,1.5416500000000002,0.52475,0.52475,1.47195,0.51685,0.51685,1.4704500000000005,0.52105,0.52105,1.54,6.82812,13.5755,8.0,2.0,0.0,0.0,8.0,4.0,3.8,14.6,8.0,38.0,30.0,16.8,10.559999999999999,8.0,8.0,87.0,79.0,62.4,29.520000000000003,87.0,15.9994,87.62,71.62060000000001,36.69704,24.837168,15.9994,54.8,1941.0,1886.2,631.08,691.5360000000001,54.8,2.0,16.0,14.0,10.8,6.24,16.0,2.0,5.0,3.0,3.0,1.2,2.0,66.0,195.0,129.0,110.6,53.52,66.0,0.95,3.44,2.49,2.5620000000000003,1.0535999999999999,3.44,2.0,2.0,0.0,2.0,0.0,2.0,0.0,4.0,4.0,2.4,1.9200000000000004,4.0,0.0,2.0,2.0,0.4,0.64,0.0,0.0,0.0,0.0,0.0,0.0,0.0,2.0,6.0,4.0,4.8,1.44,6.0,0.0,0.0,0.0,0.0,0.0,0.0,0.0,2.0,2.0,1.2,0.9600000000000002,2.0,0.0,8.0,8.0,1.6,2.56,0.0,0.0,0.0,0.0,0.0,0.0,0.0,0.0,8.0,8.0,2.8,2.0799999999999996,2.0,9.105,54.23,45.125,19.647,13.833199999999996,9.105,0.0,0.0,0.0,0.0,0.0,0.0,0.0,2.25333333333e-05,2.25333333333e-05,4.50666666666e-06,7.210666666656e-06,0.0,12.0,225.0,213.0,91.0,94.8,12.0,2.0,2.4,0.4,0.0,True,0.7877573323062756,0.16919817210946578
49,-12.747499894976,-3.3637199722870115,-3.3637199722870115,-3.3637199722870115,-0.5061433960531401,6.442776446960848,-0.4826099960238767,6.39928994727758,1.05495,1.5447500000000003,1.0494500000000002,1.0435500000000002,1.42345,1.0372500000000002,1.3764500000000002,1.03085,0.56675,1.33855,2.33,7.41663,15.03248,10.0,0.0,14.0,4.0,28.0,4.1,6.995,-4.762429960763331,-3.55338997072436,-3.55338997072436,-3.55338997072436,0.7799878335735743,7.4794458083788,0.8744399927956709,7.940329934581274,1.7509500000000002,0.55955,0.55955,1.6480500000000002,0.54055,0.54055,1.5416500000000002,0.52475,0.52475,1.47195,0.51685,0.51685,1.4704500000000005,0.52105,0.52105,1.54,6.82812,13.5755,8.0,2.0,0.0,0.0,8.0,4.0,3.8,14.6,8.0,82.0,74.0,25.6,22.560000000000002,8.0,43.0,87.0,44.0,77.0,13.6,87.0,15.9994,207.2,191.20059999999998,60.61304,58.63478399999999,15.9994,54.8,1941.0,1886.2,541.202,583.6824,54.8,4.0,16.0,12.0,13.2,3.6800000000000006,16.0,2.0,6.0,4.0,3.2,1.44,2.0,66.0,160.0,94.0,100.8,41.760000000000005,66.0,1.54,3.44,1.9,2.838,0.7223999999999999,3.44,2.0,2.0,0.0,2.0,0.0,2.0,0.0,4.0,4.0,2.8,1.44,4.0,0.0,10.0,10.0,2.4,3.04,0.0,0.0,14.0,14.0,2.8,4.4799999999999995,0.0,4.0,28.0,24.0,10.0,7.2,6.0,0.0,0.0,0.0,0.0,0.0,0.0,0.0,4.0,4.0,2.0,0.8,2.0,0.0,8.0,8.0,1.6,2.56,0.0,0.0,0.0,0.0,0.0,0.0,0.0,2.0,8.0,6.0,3.6,1.9200000000000004,2.0,9.105,28.11,19.005,14.422999999999998,6.3816,9.105,0.0,0.0,0.0,0.0,0.0,0.0,0.0,2.25333333333e-05,2.25333333333e-05,4.50666666666e-06,7.210666666656e-06,0.0,12.0,225.0,213.0,91.0,94.8,12.0,2.0,2.8,2.4,2.8,True,0.5944454949366794,0.10892431388336345
50,-11.283399907038415,-3.5790999705125395,-3.5790999705125395,-3.5790999705125395,-0.6688998944897034,6.747624044360574,-0.6409299947195111,6.701019944791692,1.08925,1.5056500000000002,1.0801500000000002,1.0700500000000002,1.3725500000000002,1.0592500000000002,1.3271500000000005,1.04835,0.46895,1.29265,1.96,7.34392,14.6322,10.0,0.0,0.0,4.0,14.0,4.15,7.06,-4.762429960763331,-3.55338997072436,-3.55338997072436,-3.55338997072436,0.7799878335735743,7.4794458083788,0.8744399927956709,7.940329934581274,1.7509500000000002,0.55955,0.55955,1.6480500000000002,0.54055,0.54055,1.5416500000000002,0.52475,0.52475,1.47195,0.51685,0.51685,1.4704500000000005,0.52105,0.52105,1.54,6.82812,13.5755,8.0,2.0,0.0,0.0,8.0,4.0,3.8,14.6,8.0,50.0,42.0,19.2,13.439999999999998,8.0,43.0,87.0,44.0,76.8,13.520000000000001,87.0,15.9994,118.71,102.7106,42.91504,32.298767999999995,15.9994,54.8,1941.0,1886.2,522.096,567.5616,54.8,4.0,16.0,12.0,13.2,3.6800000000000006,16.0,2.0,5.0,3.0,3.0,1.2,2.0,66.0,160.0,94.0,99.4,40.08,66.0,1.54,3.44,1.9,2.7640000000000002,0.8111999999999998,3.44,2.0,2.0,0.0,2.0,0.0,2.0,0.0,4.0,4.0,2.8,1.44,4.0,0.0,10.0,10.0,2.4,3.04,0.0,0.0,0.0,0.0,0.0,0.0,0.0,4.0,14.0,10.0,7.2,2.72,6.0,0.0,0.0,0.0,0.0,0.0,0.0,0.0,4.0,4.0,2.0,0.8,2.0,0.0,8.0,8.0,1.6,2.56,0.0,0.0,0.0,0.0,0.0,0.0,0.0,2.0,8.0,6.0,3.6,1.9200000000000004,2.0,9.105,33.285,24.179999999999996,15.457999999999998,7.623599999999999,9.105,0.0,0.0,0.0,0.0,0.0,0.0,0.0,2.25333333333e-05,2.25333333333e-05,4.50666666666e-06,7.210666666656e-06,0.0,12.0,194.0,182.0,74.2,74.64000000000001,12.0,2.0,2.8,2.4,0.0,True,0.5944454949366794,0.12365879037341185
51,-12.747499894976,-3.3637199722870115,-3.3637199722870115,-3.3637199722870115,-0.5061433960531401,6.442776446960848,-0.4826099960238767,6.39928994727758,1.05495,1.5447500000000003,1.0494500000000002,1.0435500000000002,1.42345,1.0372500000000002,1.3764500000000002,1.03085,0.56675,1.33855,2.33,7.41663,15.03248,10.0,0.0,14.0,4.0,28.0,4.1,6.995,-4.648009961706013,-3.055889974823158,-3.055889974823158,-3.055889974823158,0.5037961558380569,7.098576891509628,0.5568399954123112,7.006299942276553,1.8534500000000005,0.90935,0.90925,1.7616500000000002,0.8783500000000001,0.8783500000000001,1.67355,0.85375,0.85375,1.5971500000000003,0.83435,0.83435,1.5435500000000002,0.82115,0.82115,1.33,6.6339,13.1,8.0,2.0,0.0,0.0,8.0,4.0,3.45,17.9,8.0,82.0,74.0,29.2,25.439999999999998,8.0,44.0,87.0,43.0,77.2,13.279999999999998,87.0,15.9994,207.2,191.20059999999998,69.28443999999999,63.942048,15.9994,54.8,2128.0,2073.2,578.6020000000001,628.5624,54.8,4.0,16.0,12.0,13.2,3.6800000000000006,16.0,2.0,6.0,4.0,3.4,1.6799999999999997,2.0,66.0,175.0,109.0,103.8,45.36,66.0,1.33,3.44,2.11,2.7960000000000003,0.7727999999999999,3.44,2.0,2.0,0.0,2.0,0.0,2.0,0.0,4.0,4.0,2.8,1.44,4.0,0.0,10.0,10.0,2.4,3.04,0.0,0.0,14.0,14.0,2.8,4.4799999999999995,0.0,4.0,28.0,24.0,10.0,7.2,6.0,0.0,0.0,0.0,0.0,0.0,0.0,0.0,4.0,4.0,2.0,0.8,2.0,0.0,8.0,8.0,1.6,2.56,0.0,0.0,0.0,0.0,0.0,0.0,0.0,2.0,8.0,6.0,3.6,1.9200000000000004,2.0,9.105,28.11,19.005,15.724,7.9428,9.105,0.0,0.0,0.0,0.0,0.0,0.0,0.0,0.0,0.0,0.0,0.0,0.0,12.0,225.0,213.0,91.0,94.8,12.0,2.0,2.8,2.4,2.8,True,0.6714364484660806,0.12123270905038017
